{
  "run_id": "730ca61e-bc58-4624-8f9f-7242611097ba",
  "date": "2025-12-12T05:43:21.889155",
  "dashboards": [
    {
      "uid": "system-health",
      "file": "dashboard-system-health.json",
      "title": "System Health Panel"
    },
    {
      "uid": "signal_flow_main",
      "file": "dashboard-signal_flow_main.json",
      "title": "Signal Flow Panel"
    },
    {
      "uid": "latency-panel",
      "file": "dashboard-latency-panel.json",
      "title": "Latency Panel"
    },
    {
      "uid": "pnl_main",
      "file": "dashboard-pnl_main.json",
      "title": "PnL & Slippage Control Panel"
    },
    {
      "uid": "audit_panel_main",
      "file": "dashboard-audit_panel_main.json",
      "title": "SECURITY AUDIT PANEL"
    },
    {
      "uid": "safety_main",
      "file": "dashboard-safety_main.json",
      "title": "Safety Panel (Zero-Tolerance)"
    },
    {
      "uid": "circuit_breaker_001",
      "file": "dashboard-circuit_breaker_001.json",
      "title": "Circuit Breaker Panel"
    },
    {
      "uid": "admin_audit_001",
      "file": "dashboard-admin_audit_001.json",
      "title": "Admin UI Change Log"
    }
  ],
  "files": [
    "alertmanager.yaml",
    "dashboard-admin_audit_001-metadata.json",
    "dashboard-admin_audit_001.json",
    "dashboard-audit_panel_main-metadata.json",
    "dashboard-audit_panel_main.json",
    "dashboard-circuit_breaker_001-metadata.json",
    "dashboard-circuit_breaker_001.json",
    "dashboard-latency-panel-metadata.json",
    "dashboard-latency-panel.json",
    "dashboard-pnl_main-metadata.json",
    "dashboard-pnl_main.json",
    "dashboard-safety_main-metadata.json",
    "dashboard-safety_main.json",
    "dashboard-signal_flow_main-metadata.json",
    "dashboard-signal_flow_main.json",
    "dashboard-system-health-metadata.json",
    "dashboard-system-health.json",
    "evidence",
    "prometheus_rules.yml",
    "promql_reference.txt",
    "restore_grafana.sh",
    "runbook.md",
    "screenshot-admin_audit_001-1h.png",
    "screenshot-audit_panel_main-1h.png",
    "screenshot-circuit_breaker_001-1h.png",
    "screenshot-latency-panel-1h.png",
    "screenshot-pnl_main-1h.png",
    "screenshot-safety_main-1h.png",
    "screenshot-signal_flow_main-1h.png",
    "screenshot-system-health-1h.png"
  ],
  "generator": "Antigravity Audit Automation"
}