event_id,timestamp,type,component,hash
81c25fdc-848d-4407-bb6c-a0f460e51679,2025-12-10 23:50:36.872847,test_event,test_component,9b409f540bd239cd4a0414a8ab30eb369d3c0297969af7959750964ed62bada9
986628ff-5b2c-4078-9777-9f499025ddbb,2025-12-10 23:50:36.951871,spam,stress_test,f213b4682be2c56400d332aaa554516ae72f2c96b5668fe994a254397bee829f
89f5d507-4920-435a-b4ca-cefe1d22fcd6,2025-12-10 23:50:37.024738,spam,stress_test,6b83b4b358f17a22496541d533b36de64a8044feb0bf796d8c63e5b18fbbe6c1
4ad2b857-5e8a-4212-8707-330e65e5665b,2025-12-10 23:50:37.115675,spam,stress_test,95747d1ed50f85a175666de1d04f9766ac67a938be5c6ca5422a8cbef092e997
99315c0b-39ec-415b-aa9d-b2c0b25116ac,2025-12-10 23:50:37.200053,spam,stress_test,a475583de75fcf500eff06cc9432d1ac113f5d0c2665ccb7b92aca1f6bc83e6b
f0d588ea-34de-4c3a-9df5-352c1a83813e,2025-12-10 23:50:37.289781,spam,stress_test,ba525a8f23baf22cddc44479541c4b2f33c1b1bc76ff4fed9603a3426d14030a
95a14dd2-bd5f-4927-9913-0b16935e95f0,2025-12-10 23:50:37.365843,spam,stress_test,bc7c734ec363d363d10f0dcba16323136f6791f9c69aa5238347c396a494156b
3c5be567-f253-4993-bfe1-7061d03bf542,2025-12-10 23:50:37.440311,spam,stress_test,832d7bcf67d6399417de20e86f149141d267971b19bb61a7540454ceed6e3efb
5bb19f66-6a27-427d-ba0a-e1afbe1b1949,2025-12-10 23:50:37.524114,spam,stress_test,36c5a477c5d5f969103d6dc6128891ece3fdd1bbb070b424682ae070befa6b69
562c5528-fd29-4ab6-8c8b-8260940c237f,2025-12-10 23:50:37.598255,spam,stress_test,22fcf471fa4e837f62f7b236425d10cd651e69bf746c86e98fe0cde444015599
e1af8db9-1a4f-4154-99d2-3a14d6c36f91,2025-12-10 23:50:37.683257,spam,stress_test,ea440d2b3d6c6d01755b9e32cf6e13bc3a428e96588a55bfb4b3f1f72884e4a0
071209b9-501e-490f-8221-c51cae33fcae,2025-12-10 23:50:37.765182,spam,stress_test,cf73aab17d13d3c22fd58c146f0bb346cf0b0d57f56f1d8de4431eed94315795
68846ea0-2c7d-47c2-9209-d4eb515b060c,2025-12-10 23:50:37.849911,spam,stress_test,ce7d7f7ed13c279768ecba74cb20c5b1f22c5dbae5193487aea267062f43c821
3a3aa4ad-b301-48eb-815a-75045c9622f8,2025-12-10 23:50:37.922918,spam,stress_test,2792bcd0ce9292a38ab73e22a3926c4ee76b42ce8f377b1155b87463411789fb
62eaefc1-0200-4b6d-9045-bb8f102198f1,2025-12-10 23:50:38.007883,spam,stress_test,1437551f172734288105136df52aeac3d004093341fdf9be0ba46c686ce263ec
d9fa8bc2-5345-4841-add3-8b6cfe3db613,2025-12-10 23:50:38.097845,spam,stress_test,bc2d29ccfe6c58cdd9a59e04f3a18b693b3c3b57255bd7acc4fa2e1edd9f70f6
db7efd79-c6b5-4940-ab0b-95b9016c5895,2025-12-10 23:50:38.182390,spam,stress_test,f731b52f0062b015731b8a12292f664baf0aec204ce66209325be6653da317fd
2dbf1907-8c56-4d1b-8fab-c7cb2244c7f5,2025-12-10 23:50:38.265261,spam,stress_test,3fbc8ee076999991d26cdd8853b7cebf0641e1d2036e71838df0d177b2b4acfa
1c4776d4-b9ef-47c2-81e5-6dfe63f7554d,2025-12-10 23:50:38.366545,spam,stress_test,96d307370bd297e545e0d5f058cd2a652a58f1c330a7b0249a6aa6d703590f95
6aeecadb-7779-4f6b-b57e-e362109c0150,2025-12-10 23:50:38.465447,spam,stress_test,a8a8778258e2506b7b6d9054d0336cff27652c51b45a8c20cf0bda099aacdcb8
8eb852cc-2848-4892-b3ec-ec3cb1a2be0c,2025-12-10 23:50:38.549916,spam,stress_test,678b3b8ad052c6361ae8175b125dc7daa9e02dd7bbc38f57eaa80de2de721fb8
3b5da5b4-3fa1-4f91-b0d0-c2be8e60b21f,2025-12-10 23:50:38.647520,spam,stress_test,747eb905a7c3559ecab095cdda40227bd4a394768bb34a1672b7c3820eee3410
c6b1d02a-9c89-485b-9cad-f23b54a63f49,2025-12-10 23:50:38.732716,spam,stress_test,1c88349ad1b45d30fdb054ebc5a3ef1bc228d624566213cb68a13b7bc4091790
d1765dcb-cb49-4163-b77d-391dabc83674,2025-12-10 23:50:38.823716,spam,stress_test,0587c77c7069e5d11ca3c88f9739c2e72173fc7846c6230749ceb37c184edc7d
14aae356-2efc-42e9-89e4-8d839c1c78b8,2025-12-10 23:50:38.916464,spam,stress_test,5cef72d863ab8fd92a163cb1a3cd74505bceda8f59877cf98bb26f2a9d319be9
acf5922f-e903-4ead-9ea6-439697ea1040,2025-12-10 23:50:39.006183,spam,stress_test,e72e1152ec228ae58276b0a3a9fc45f940133519cfd7a0f9bf4ae84fe853a37e
387169aa-e827-4901-bc9a-fd5c25863881,2025-12-10 23:50:39.091229,spam,stress_test,6aa1ea901482826fc3e152e7737825a2d87dc1a416b898fc3993226d0158af7b
25809915-760e-431f-b3ff-77060a34de48,2025-12-10 23:50:39.181530,spam,stress_test,2eff40a5e476f4641eed36658373ce5d0bf8670cdbd2340543a9a8eaf6318b38
8b3e18a4-34db-4c3e-a698-f67de591170b,2025-12-10 23:50:39.266274,spam,stress_test,9fe67619fe68d2b4b21d15c767626390930ce207780632d1f05f0384cf05a0da
82ed8fd8-bda7-4613-8cae-5a0749a23018,2025-12-10 23:50:39.357322,spam,stress_test,16d9a90302a2625786f4c1ddf82985b2412e125c66d30a0f8a6f75dabaa3b444
053af7d4-b981-4fd4-a4dd-dc171067aaf7,2025-12-10 23:50:39.450259,spam,stress_test,a906da0685c77390cc67e3b5eed40b16217d26eead4e7625e951d742579c2c0d
653111ba-258c-48e8-b5cd-fc2fd39176f7,2025-12-10 23:50:39.548535,spam,stress_test,05fe71571b5ceb0ec9e663f2507609b41eafefbfea5cc7813b8f078e1736ef71
88232c81-e5a2-4e2d-9b49-2069a4164e24,2025-12-10 23:50:39.624206,spam,stress_test,a34f175b70c7f4da1d7289a41a26869bdfdbb6b8c7b1633b15053e2911386e34
8adc2d77-2191-4eff-8f2d-769581cdd058,2025-12-10 23:50:39.715583,spam,stress_test,6cff582142b428b153aa833c011b68bb1efa42db9178d23ea4a6a906ab80bc33
bcf68c59-fbbd-44c0-bb94-0866cb9ed2b7,2025-12-10 23:50:39.799540,spam,stress_test,ae9a1c9377978d389f7223c3367c31d7e100986720bf6fc0566350ace38c9673
cf805477-d2e0-4ce2-bf1b-2ea1e12260b2,2025-12-10 23:50:39.882160,spam,stress_test,d43b74469a758df87b757f80da8dca87708c272a653442e54500521c1d0eba12
14b4bd65-8478-4fca-8468-588f509d5a6d,2025-12-10 23:50:39.957381,spam,stress_test,113c0e4529e1146c8bae5c0b06ff7017dede9039cd7ea6fce36c490bacf958b7
702eb81f-f5c6-4bed-afad-87e024bfd1bf,2025-12-10 23:50:40.048723,spam,stress_test,2c8e148bd472117ed54df64d093508fa5e36cba958f4af891ed0bdced3fcc261
6715e18a-3933-485f-957d-fc081455c677,2025-12-10 23:50:40.124538,spam,stress_test,458414ccc3a8c312ad04703c1432b89d5f44d9c9da3f419e25e4ba0b7d429451
379f6678-c407-4c16-8906-920c6fa5f765,2025-12-10 23:50:40.206611,spam,stress_test,57e9fa289f2204c45fd3a8c6fa98406cff4038257d17886d1aa3c68cb4436816
40a6c1a5-abac-4cc5-ab8e-149cd194b187,2025-12-10 23:50:40.283436,spam,stress_test,7e00077a02d897c06a1ceb4f1b84ac80fd3c00e5bfd4c318cd642c2f66680667
a1e5b081-d283-4923-a5d7-8cb8cdd27b82,2025-12-10 23:50:40.365189,spam,stress_test,d8542f46d3ef4b6c5867f7a7c48840bb2da6d6a58ea73bfea1e0c214b3aa9fe2
b92510de-7d8c-4613-ab15-ea36a1c21a95,2025-12-10 23:50:40.441300,spam,stress_test,358571ca36e14d320e440cf691a774352d14f6dc87450c1b6973d4f086ac07e0
a5099b3b-d49c-47b4-891d-75ecec22d4e7,2025-12-10 23:50:40.523071,spam,stress_test,54c894b186392212854364faf487dadcf6c2f9c36c1447b22ab060ccf9831c3e
9c33d1cc-0e63-452e-bc37-ba4b39e13733,2025-12-10 23:50:40.602676,spam,stress_test,3f6437a1a6b51cf6ece4597ef7956555769fedd421392b354bc3233f54f39358
104972a3-5be1-4e0e-89dd-d81d66b174ea,2025-12-10 23:50:40.719472,spam,stress_test,60c06afa72771cc49f26f80fe0e0b31781ef1c25f2eac3e0b72f632b94487f33
27c7486c-c27b-4e42-95cc-6656f3fc9050,2025-12-10 23:50:40.799131,spam,stress_test,cb5d8d925e675808484982a83efd1b2148bb1dde9964e27c183eee5b9a759ac9
93de68b0-2555-44bf-93a9-8018dddc268f,2025-12-10 23:50:40.885185,spam,stress_test,093fcb1525d3086a5d7158ba72afc8a00c5c6535fee035f41ff0f65c789a119a
9242dfa6-2f04-4186-b6d3-72cd373afc0d,2025-12-10 23:50:40.956543,spam,stress_test,66b3ce76fba9bc7cfdcc1607258dc72cba7c8302b8228e9ca5676281a2adbd2f
1896996a-bde3-4712-a58b-469d66e7d2ec,2025-12-10 23:50:41.035670,spam,stress_test,d7a321b61bb0e6ee1eabe7658787c00ad914371751a8626c7c317829de7bb8b7
