packet_id,source_clock,utc_ts,drift_ms,symbol,packet_type,timestamp_utc
pkt_0,1765543205480.387,1765543205498.6199,18.23291015625,BTC-USD,L1,2025-12-12T12:40:05.480387Z
pkt_1,1765543205480.387,1765543205523.8892,43.502197265625,BTC-USD,L2,2025-12-12T12:40:05.480387Z
pkt_2,1765543205480.387,1765543205506.5254,26.138427734375,BTC-USD,L1,2025-12-12T12:40:05.480387Z
pkt_3,1765543205480.387,1765543205500.044,19.656982421875,BTC-USD,L2,2025-12-12T12:40:05.480387Z
pkt_4,1765543205480.387,1765543205550.1755,69.78857421875,BTC-USD,L1,2025-12-12T12:40:05.480387Z
pkt_5,1765543205480.387,1765543205529.9812,49.59423828125,BTC-USD,L2,2025-12-12T12:40:05.480387Z
pkt_6,1765543205480.387,1765543205534.0535,53.66650390625,BTC-USD,L1,2025-12-12T12:40:05.480387Z
pkt_7,1765543205480.387,1765543205489.7178,9.330810546875,BTC-USD,L2,2025-12-12T12:40:05.480387Z
pkt_8,1765543205480.387,1765543205560.053,79.666015625,BTC-USD,L1,2025-12-12T12:40:05.480387Z
pkt_9,1765543205480.387,1765543205555.1074,74.720458984375,BTC-USD,L2,2025-12-12T12:40:05.480387Z
pkt_10,1765543205480.387,1765543205534.3513,53.96435546875,BTC-USD,L1,2025-12-12T12:40:05.480387Z
pkt_11,1765543205480.387,1765543205557.04,76.653076171875,BTC-USD,L2,2025-12-12T12:40:05.480387Z
pkt_12,1765543205480.387,1765543205489.9941,9.607177734375,BTC-USD,L1,2025-12-12T12:40:05.480387Z
pkt_13,1765543205480.387,1765543205532.174,51.787109375,BTC-USD,L2,2025-12-12T12:40:05.480387Z
pkt_14,1765543205480.387,1765543205545.4382,65.05126953125,BTC-USD,L1,2025-12-12T12:40:05.480387Z
pkt_15,1765543205480.387,1765543205498.2437,17.856689453125,BTC-USD,L2,2025-12-12T12:40:05.480387Z
pkt_16,1765543205480.387,1765543205506.2441,25.857177734375,BTC-USD,L1,2025-12-12T12:40:05.480387Z
pkt_17,1765543205480.387,1765543205551.7874,71.400390625,BTC-USD,L2,2025-12-12T12:40:05.480387Z
pkt_18,1765543205480.387,1765543205533.3333,52.9462890625,BTC-USD,L1,2025-12-12T12:40:05.480387Z
pkt_19,1765543205480.387,1765543205518.092,37.705078125,BTC-USD,L2,2025-12-12T12:40:05.480387Z
pkt_20,1765543205480.387,1765543205496.9722,16.585205078125,BTC-USD,L1,2025-12-12T12:40:05.480387Z
pkt_21,1765543205480.387,1765543205490.092,9.705078125,BTC-USD,L2,2025-12-12T12:40:05.480387Z
pkt_22,1765543205480.387,1765543205505.1543,24.767333984375,BTC-USD,L1,2025-12-12T12:40:05.480387Z
pkt_23,1765543205480.387,1765543205499.5806,19.193603515625,BTC-USD,L2,2025-12-12T12:40:05.480387Z
pkt_24,1765543205480.387,1765543205519.7192,39.332275390625,BTC-USD,L1,2025-12-12T12:40:05.480387Z
pkt_25,1765543205480.387,1765543205490.7732,10.38623046875,BTC-USD,L2,2025-12-12T12:40:05.480387Z
pkt_26,1765543205480.387,1765543205546.2153,65.828369140625,BTC-USD,L1,2025-12-12T12:40:05.480387Z
pkt_27,1765543205480.387,1765543205522.9116,42.524658203125,BTC-USD,L2,2025-12-12T12:40:05.480892Z
pkt_28,1765543205480.8928,1765543205488.9854,8.092529296875,BTC-USD,L1,2025-12-12T12:40:05.480892Z
pkt_29,1765543205480.8928,1765543205531.8335,50.940673828125,BTC-USD,L2,2025-12-12T12:40:05.480892Z
pkt_30,1765543205480.8928,1765543205551.991,71.09814453125,BTC-USD,L1,2025-12-12T12:40:05.480892Z
pkt_31,1765543205480.8928,1765543205488.7524,7.859619140625,BTC-USD,L2,2025-12-12T12:40:05.480892Z
pkt_32,1765543205480.8928,1765543205510.933,30.040283203125,BTC-USD,L1,2025-12-12T12:40:05.480892Z
pkt_33,1765543205480.8928,1765543205546.953,66.06005859375,BTC-USD,L2,2025-12-12T12:40:05.480892Z
pkt_34,1765543205480.8928,1765543205517.6401,36.747314453125,BTC-USD,L1,2025-12-12T12:40:05.480892Z
pkt_35,1765543205480.8928,1765543205507.5168,26.6240234375,BTC-USD,L2,2025-12-12T12:40:05.480892Z
pkt_36,1765543205480.8928,1765543205556.2627,75.369873046875,BTC-USD,L1,2025-12-12T12:40:05.480892Z
pkt_37,1765543205480.8928,1765543205489.1106,8.2177734375,BTC-USD,L2,2025-12-12T12:40:05.480892Z
pkt_38,1765543205480.8928,1765543205538.2488,57.35595703125,BTC-USD,L1,2025-12-12T12:40:05.480892Z
pkt_39,1765543205480.8928,1765543205551.7725,70.879638671875,BTC-USD,L2,2025-12-12T12:40:05.480892Z
pkt_40,1765543205480.8928,1765543205509.8489,28.9560546875,BTC-USD,L1,2025-12-12T12:40:05.480892Z
pkt_41,1765543205480.8928,1765543205517.5696,36.6767578125,BTC-USD,L2,2025-12-12T12:40:05.480892Z
pkt_42,1765543205480.8928,1765543205530.5942,49.701416015625,BTC-USD,L1,2025-12-12T12:40:05.480892Z
pkt_43,1765543205480.8928,1765543205556.3289,75.43603515625,BTC-USD,L2,2025-12-12T12:40:05.480892Z
pkt_44,1765543205480.8928,1765543205486.1382,5.245361328125,BTC-USD,L1,2025-12-12T12:40:05.480892Z
pkt_45,1765543205480.8928,1765543205488.569,7.67626953125,BTC-USD,L2,2025-12-12T12:40:05.480892Z
pkt_46,1765543205480.8928,1765543205551.9304,71.03759765625,BTC-USD,L1,2025-12-12T12:40:05.480892Z
pkt_47,1765543205480.8928,1765543205543.5688,62.676025390625,BTC-USD,L2,2025-12-12T12:40:05.480892Z
pkt_48,1765543205480.8928,1765543205498.041,17.148193359375,BTC-USD,L1,2025-12-12T12:40:05.480892Z
pkt_49,1765543205480.8928,1765543205529.1753,48.282470703125,BTC-USD,L2,2025-12-12T12:40:05.480892Z
pkt_50,1765543205480.8928,1765543205501.5725,20.6796875,BTC-USD,L1,2025-12-12T12:40:05.480892Z
pkt_51,1765543205480.8928,1765543205500.7285,19.835693359375,BTC-USD,L2,2025-12-12T12:40:05.480892Z
pkt_52,1765543205480.8928,1765543205519.64,38.7470703125,BTC-USD,L1,2025-12-12T12:40:05.480892Z
pkt_53,1765543205480.8928,1765543205553.1243,72.2314453125,BTC-USD,L2,2025-12-12T12:40:05.480892Z
pkt_54,1765543205480.8928,1765543205534.858,53.965087890625,BTC-USD,L1,2025-12-12T12:40:05.480892Z
pkt_55,1765543205480.8928,1765543205488.0142,7.121337890625,BTC-USD,L2,2025-12-12T12:40:05.480892Z
pkt_56,1765543205480.8928,1765543205509.379,28.486083984375,BTC-USD,L1,2025-12-12T12:40:05.480892Z
pkt_57,1765543205480.8928,1765543205489.305,8.412109375,BTC-USD,L2,2025-12-12T12:40:05.480892Z
pkt_58,1765543205480.8928,1765543205519.848,38.955078125,BTC-USD,L1,2025-12-12T12:40:05.480892Z
pkt_59,1765543205480.8928,1765543205547.5813,66.6884765625,BTC-USD,L2,2025-12-12T12:40:05.480892Z
pkt_60,1765543205480.8928,1765543205530.581,49.688232421875,BTC-USD,L1,2025-12-12T12:40:05.480892Z
pkt_61,1765543205480.8928,1765543205544.102,63.209228515625,BTC-USD,L2,2025-12-12T12:40:05.480892Z
pkt_62,1765543205480.8928,1765543205547.0522,66.159423828125,BTC-USD,L1,2025-12-12T12:40:05.480892Z
pkt_63,1765543205480.8928,1765543205544.6548,63.761962890625,BTC-USD,L2,2025-12-12T12:40:05.480892Z
pkt_64,1765543205480.8928,1765543205515.6807,34.787841796875,BTC-USD,L1,2025-12-12T12:40:05.480892Z
pkt_65,1765543205480.8928,1765543205503.9385,23.045654296875,BTC-USD,L2,2025-12-12T12:40:05.480892Z
pkt_66,1765543205480.8928,1765543205540.2156,59.32275390625,BTC-USD,L1,2025-12-12T12:40:05.480892Z
pkt_67,1765543205480.8928,1765543205525.9385,45.045654296875,BTC-USD,L2,2025-12-12T12:40:05.480892Z
pkt_68,1765543205480.8928,1765543205488.8005,7.90771484375,BTC-USD,L1,2025-12-12T12:40:05.480892Z
pkt_69,1765543205480.8928,1765543205551.3784,70.485595703125,BTC-USD,L2,2025-12-12T12:40:05.480892Z
pkt_70,1765543205480.8928,1765543205538.4756,57.582763671875,BTC-USD,L1,2025-12-12T12:40:05.480892Z
pkt_71,1765543205480.8928,1765543205560.882,79.9892578125,BTC-USD,L2,2025-12-12T12:40:05.480892Z
pkt_72,1765543205480.8928,1765543205503.833,22.940185546875,BTC-USD,L1,2025-12-12T12:40:05.480892Z
pkt_73,1765543205480.8928,1765543205513.0684,32.175537109375,BTC-USD,L2,2025-12-12T12:40:05.480892Z
pkt_74,1765543205480.8928,1765543205531.1008,50.2080078125,BTC-USD,L1,2025-12-12T12:40:05.480892Z
pkt_75,1765543205480.8928,1765543205498.6138,17.720947265625,BTC-USD,L2,2025-12-12T12:40:05.480892Z
pkt_76,1765543205480.8928,1765543205486.7175,5.82470703125,BTC-USD,L1,2025-12-12T12:40:05.480892Z
pkt_77,1765543205480.8928,1765543205519.7756,38.8828125,BTC-USD,L2,2025-12-12T12:40:05.480892Z
pkt_78,1765543205480.8928,1765543205495.5696,14.6767578125,BTC-USD,L1,2025-12-12T12:40:05.480892Z
pkt_79,1765543205480.8928,1765543205512.4844,31.591552734375,BTC-USD,L2,2025-12-12T12:40:05.480892Z
pkt_80,1765543205480.8928,1765543205520.4756,39.582763671875,BTC-USD,L1,2025-12-12T12:40:05.480892Z
pkt_81,1765543205480.8928,1765543205514.1567,33.263916015625,BTC-USD,L2,2025-12-12T12:40:05.480892Z
pkt_82,1765543205480.8928,1765543205529.2551,48.3623046875,BTC-USD,L1,2025-12-12T12:40:05.480892Z
pkt_83,1765543205480.8928,1765543205539.9211,59.0283203125,BTC-USD,L2,2025-12-12T12:40:05.480892Z
pkt_84,1765543205480.8928,1765543205544.2302,63.33740234375,BTC-USD,L1,2025-12-12T12:40:05.480892Z
pkt_85,1765543205480.8928,1765543205510.1838,29.291015625,BTC-USD,L2,2025-12-12T12:40:05.480892Z
pkt_86,1765543205480.8928,1765543205494.6958,13.802978515625,BTC-USD,L1,2025-12-12T12:40:05.480892Z
pkt_87,1765543205480.8928,1765543205497.8582,16.96533203125,BTC-USD,L2,2025-12-12T12:40:05.480892Z
pkt_88,1765543205480.8928,1765543205522.8196,41.9267578125,BTC-USD,L1,2025-12-12T12:40:05.480892Z
pkt_89,1765543205480.8928,1765543205491.5286,10.6357421875,BTC-USD,L2,2025-12-12T12:40:05.480892Z
pkt_90,1765543205480.8928,1765543205504.0144,23.12158203125,BTC-USD,L1,2025-12-12T12:40:05.480892Z
pkt_91,1765543205480.8928,1765543205531.2139,50.321044921875,BTC-USD,L2,2025-12-12T12:40:05.480892Z
pkt_92,1765543205480.8928,1765543205554.187,73.294189453125,BTC-USD,L1,2025-12-12T12:40:05.480892Z
pkt_93,1765543205480.8928,1765543205540.5637,59.6708984375,BTC-USD,L2,2025-12-12T12:40:05.480892Z
pkt_94,1765543205480.8928,1765543205542.0618,61.1689453125,BTC-USD,L1,2025-12-12T12:40:05.480892Z
pkt_95,1765543205480.8928,1765543205541.3538,60.4609375,BTC-USD,L2,2025-12-12T12:40:05.480892Z
pkt_96,1765543205480.8928,1765543205522.6377,41.744873046875,BTC-USD,L1,2025-12-12T12:40:05.480892Z
pkt_97,1765543205480.8928,1765543205522.8474,41.95458984375,BTC-USD,L2,2025-12-12T12:40:05.480892Z
pkt_98,1765543205480.8928,1765543205499.486,18.59326171875,BTC-USD,L1,2025-12-12T12:40:05.480892Z
pkt_99,1765543205480.8928,1765543205509.3418,28.448974609375,BTC-USD,L2,2025-12-12T12:40:05.480892Z
pkt_100,1765543205480.8928,1765543205499.0688,18.176025390625,BTC-USD,L1,2025-12-12T12:40:05.480892Z
pkt_101,1765543205480.8928,1765543205528.7344,47.841552734375,BTC-USD,L2,2025-12-12T12:40:05.480892Z
pkt_102,1765543205480.8928,1765543205514.559,33.666259765625,BTC-USD,L1,2025-12-12T12:40:05.480892Z
pkt_103,1765543205480.8928,1765543205500.254,19.361083984375,BTC-USD,L2,2025-12-12T12:40:05.480892Z
pkt_104,1765543205480.8928,1765543205495.0938,14.200927734375,BTC-USD,L1,2025-12-12T12:40:05.480892Z
pkt_105,1765543205480.8928,1765543205514.451,33.55810546875,BTC-USD,L2,2025-12-12T12:40:05.480892Z
pkt_106,1765543205480.8928,1765543205554.5215,73.628662109375,BTC-USD,L1,2025-12-12T12:40:05.480892Z
pkt_107,1765543205480.8928,1765543205529.3767,48.48388671875,BTC-USD,L2,2025-12-12T12:40:05.480892Z
pkt_108,1765543205480.8928,1765543205560.4792,79.58642578125,BTC-USD,L1,2025-12-12T12:40:05.480892Z
pkt_109,1765543205480.8928,1765543205518.2854,37.392578125,BTC-USD,L2,2025-12-12T12:40:05.480892Z
pkt_110,1765543205480.8928,1765543205518.7659,37.873046875,BTC-USD,L1,2025-12-12T12:40:05.480892Z
pkt_111,1765543205480.8928,1765543205533.9985,53.105712890625,BTC-USD,L2,2025-12-12T12:40:05.480892Z
pkt_112,1765543205480.8928,1765543205494.8723,13.9794921875,BTC-USD,L1,2025-12-12T12:40:05.480892Z
pkt_113,1765543205480.8928,1765543205508.4304,27.53759765625,BTC-USD,L2,2025-12-12T12:40:05.480892Z
pkt_114,1765543205480.8928,1765543205500.0762,19.183349609375,BTC-USD,L1,2025-12-12T12:40:05.480892Z
pkt_115,1765543205480.8928,1765543205512.3108,31.41796875,BTC-USD,L2,2025-12-12T12:40:05.480892Z
pkt_116,1765543205480.8928,1765543205543.3916,62.498779296875,BTC-USD,L1,2025-12-12T12:40:05.480892Z
pkt_117,1765543205480.8928,1765543205527.738,46.84521484375,BTC-USD,L2,2025-12-12T12:40:05.480892Z
pkt_118,1765543205480.8928,1765543205542.3281,61.435302734375,BTC-USD,L1,2025-12-12T12:40:05.480892Z
pkt_119,1765543205480.8928,1765543205520.3638,39.470947265625,BTC-USD,L2,2025-12-12T12:40:05.480892Z
pkt_120,1765543205480.8928,1765543205557.8887,76.995849609375,BTC-USD,L1,2025-12-12T12:40:05.480892Z
pkt_121,1765543205480.8928,1765543205509.7126,28.81982421875,BTC-USD,L2,2025-12-12T12:40:05.480892Z
pkt_122,1765543205480.8928,1765543205525.0728,44.179931640625,BTC-USD,L1,2025-12-12T12:40:05.480892Z
pkt_123,1765543205480.8928,1765543205497.0764,16.18359375,BTC-USD,L2,2025-12-12T12:40:05.480892Z
pkt_124,1765543205480.8928,1765543205545.3484,64.45556640625,BTC-USD,L1,2025-12-12T12:40:05.480892Z
pkt_125,1765543205480.8928,1765543205493.169,12.276123046875,BTC-USD,L2,2025-12-12T12:40:05.480892Z
pkt_126,1765543205480.8928,1765543205519.6218,38.72900390625,BTC-USD,L1,2025-12-12T12:40:05.480892Z
pkt_127,1765543205480.8928,1765543205503.0627,22.169921875,BTC-USD,L2,2025-12-12T12:40:05.480892Z
pkt_128,1765543205480.8928,1765543205507.011,26.1181640625,BTC-USD,L1,2025-12-12T12:40:05.480892Z
pkt_129,1765543205480.8928,1765543205513.0366,32.143798828125,BTC-USD,L2,2025-12-12T12:40:05.480892Z
pkt_130,1765543205480.8928,1765543205506.8176,25.9248046875,BTC-USD,L1,2025-12-12T12:40:05.480892Z
pkt_131,1765543205480.8928,1765543205539.7698,58.876953125,BTC-USD,L2,2025-12-12T12:40:05.480892Z
pkt_132,1765543205480.8928,1765543205507.6306,26.73779296875,BTC-USD,L1,2025-12-12T12:40:05.480892Z
pkt_133,1765543205480.8928,1765543205552.9949,72.10205078125,BTC-USD,L2,2025-12-12T12:40:05.480892Z
pkt_134,1765543205480.8928,1765543205554.2078,73.31494140625,BTC-USD,L1,2025-12-12T12:40:05.480892Z
pkt_135,1765543205480.8928,1765543205487.6155,6.72265625,BTC-USD,L2,2025-12-12T12:40:05.480892Z
pkt_136,1765543205480.8928,1765543205533.6938,52.801025390625,BTC-USD,L1,2025-12-12T12:40:05.480892Z
pkt_137,1765543205480.8928,1765543205544.1194,63.2265625,BTC-USD,L2,2025-12-12T12:40:05.480892Z
pkt_138,1765543205480.8928,1765543205538.4075,57.5146484375,BTC-USD,L1,2025-12-12T12:40:05.480892Z
pkt_139,1765543205480.8928,1765543205522.0068,41.114013671875,BTC-USD,L2,2025-12-12T12:40:05.480892Z
pkt_140,1765543205480.8928,1765543205544.7246,63.831787109375,BTC-USD,L1,2025-12-12T12:40:05.480892Z
pkt_141,1765543205480.8928,1765543205508.4045,27.51171875,BTC-USD,L2,2025-12-12T12:40:05.480892Z
pkt_142,1765543205480.8928,1765543205533.228,52.335205078125,BTC-USD,L1,2025-12-12T12:40:05.480892Z
pkt_143,1765543205480.8928,1765543205548.043,67.150146484375,BTC-USD,L2,2025-12-12T12:40:05.480892Z
pkt_144,1765543205480.8928,1765543205537.678,56.78515625,BTC-USD,L1,2025-12-12T12:40:05.480892Z
pkt_145,1765543205480.8928,1765543205497.5012,16.6083984375,BTC-USD,L2,2025-12-12T12:40:05.480892Z
pkt_146,1765543205480.8928,1765543205502.136,21.2431640625,BTC-USD,L1,2025-12-12T12:40:05.480892Z
pkt_147,1765543205480.8928,1765543205524.2231,43.330322265625,BTC-USD,L2,2025-12-12T12:40:05.480892Z
pkt_148,1765543205480.8928,1765543205505.0156,24.122802734375,BTC-USD,L1,2025-12-12T12:40:05.480892Z
pkt_149,1765543205480.8928,1765543205508.98,28.087158203125,BTC-USD,L2,2025-12-12T12:40:05.480892Z
pkt_150,1765543205480.8928,1765543205559.473,78.580078125,BTC-USD,L1,2025-12-12T12:40:05.480892Z
pkt_151,1765543205480.8928,1765543205533.966,53.0732421875,BTC-USD,L2,2025-12-12T12:40:05.480892Z
pkt_152,1765543205480.8928,1765543205532.4592,51.56640625,BTC-USD,L1,2025-12-12T12:40:05.480892Z
pkt_153,1765543205480.8928,1765543205522.9478,42.054931640625,BTC-USD,L2,2025-12-12T12:40:05.480892Z
pkt_154,1765543205480.8928,1765543205506.246,25.353271484375,BTC-USD,L1,2025-12-12T12:40:05.480892Z
pkt_155,1765543205480.8928,1765543205532.899,52.006103515625,BTC-USD,L2,2025-12-12T12:40:05.480892Z
pkt_156,1765543205480.8928,1765543205559.7156,78.82275390625,BTC-USD,L1,2025-12-12T12:40:05.480892Z
pkt_157,1765543205480.8928,1765543205500.0469,19.154052734375,BTC-USD,L2,2025-12-12T12:40:05.480892Z
pkt_158,1765543205480.8928,1765543205502.3455,21.45263671875,BTC-USD,L1,2025-12-12T12:40:05.480892Z
pkt_159,1765543205480.8928,1765543205494.7983,13.905517578125,BTC-USD,L2,2025-12-12T12:40:05.480892Z
pkt_160,1765543205480.8928,1765543205501.5781,20.685302734375,BTC-USD,L1,2025-12-12T12:40:05.480892Z
pkt_161,1765543205480.8928,1765543205530.5261,49.63330078125,BTC-USD,L2,2025-12-12T12:40:05.480892Z
pkt_162,1765543205480.8928,1765543205550.138,69.2451171875,BTC-USD,L1,2025-12-12T12:40:05.480892Z
pkt_163,1765543205480.8928,1765543205517.5823,36.689453125,BTC-USD,L2,2025-12-12T12:40:05.480892Z
pkt_164,1765543205480.8928,1765543205502.9065,22.013671875,BTC-USD,L1,2025-12-12T12:40:05.480892Z
pkt_165,1765543205480.8928,1765543205545.9521,65.059326171875,BTC-USD,L2,2025-12-12T12:40:05.480892Z
pkt_166,1765543205480.8928,1765543205494.8782,13.9853515625,BTC-USD,L1,2025-12-12T12:40:05.480892Z
pkt_167,1765543205480.8928,1765543205496.1792,15.286376953125,BTC-USD,L2,2025-12-12T12:40:05.480892Z
pkt_168,1765543205480.8928,1765543205509.2625,28.36962890625,BTC-USD,L1,2025-12-12T12:40:05.480892Z
pkt_169,1765543205480.8928,1765543205506.235,25.34228515625,BTC-USD,L2,2025-12-12T12:40:05.480892Z
pkt_170,1765543205480.8928,1765543205488.167,7.274169921875,BTC-USD,L1,2025-12-12T12:40:05.480892Z
pkt_171,1765543205480.8928,1765543205492.033,11.14013671875,BTC-USD,L2,2025-12-12T12:40:05.480892Z
pkt_172,1765543205480.8928,1765543205548.302,67.4091796875,BTC-USD,L1,2025-12-12T12:40:05.480892Z
pkt_173,1765543205480.8928,1765543205538.0715,57.1787109375,BTC-USD,L2,2025-12-12T12:40:05.480892Z
pkt_174,1765543205480.8928,1765543205519.7527,38.85986328125,BTC-USD,L1,2025-12-12T12:40:05.480892Z
pkt_175,1765543205480.8928,1765543205529.718,48.8251953125,BTC-USD,L2,2025-12-12T12:40:05.480892Z
pkt_176,1765543205480.8928,1765543205500.9968,20.10400390625,BTC-USD,L1,2025-12-12T12:40:05.480892Z
pkt_177,1765543205480.8928,1765543205524.3186,43.42578125,BTC-USD,L2,2025-12-12T12:40:05.480892Z
pkt_178,1765543205480.8928,1765543205510.6504,29.757568359375,BTC-USD,L1,2025-12-12T12:40:05.480892Z
pkt_179,1765543205480.8928,1765543205557.6646,76.771728515625,BTC-USD,L2,2025-12-12T12:40:05.480892Z
pkt_180,1765543205480.8928,1765543205544.23,63.337158203125,BTC-USD,L1,2025-12-12T12:40:05.480892Z
pkt_181,1765543205480.8928,1765543205497.9858,17.093017578125,BTC-USD,L2,2025-12-12T12:40:05.480892Z
pkt_182,1765543205480.8928,1765543205502.5063,21.613525390625,BTC-USD,L1,2025-12-12T12:40:05.480892Z
pkt_183,1765543205480.8928,1765543205534.31,53.417236328125,BTC-USD,L2,2025-12-12T12:40:05.480892Z
pkt_184,1765543205480.8928,1765543205530.5676,49.6748046875,BTC-USD,L1,2025-12-12T12:40:05.480892Z
pkt_185,1765543205480.8928,1765543205544.876,63.983154296875,BTC-USD,L2,2025-12-12T12:40:05.480892Z
pkt_186,1765543205480.8928,1765543205494.5178,13.625,BTC-USD,L1,2025-12-12T12:40:05.480892Z
pkt_187,1765543205480.8928,1765543205529.508,48.615234375,BTC-USD,L2,2025-12-12T12:40:05.480892Z
pkt_188,1765543205480.8928,1765543205537.224,56.331298828125,BTC-USD,L1,2025-12-12T12:40:05.480892Z
pkt_189,1765543205480.8928,1765543205500.4438,19.551025390625,BTC-USD,L2,2025-12-12T12:40:05.480892Z
pkt_190,1765543205480.8928,1765543205540.1255,59.232666015625,BTC-USD,L1,2025-12-12T12:40:05.480892Z
pkt_191,1765543205480.8928,1765543205519.2566,38.36376953125,BTC-USD,L2,2025-12-12T12:40:05.480892Z
pkt_192,1765543205480.8928,1765543205534.051,53.158203125,BTC-USD,L1,2025-12-12T12:40:05.480892Z
pkt_193,1765543205480.8928,1765543205532.5715,51.6787109375,BTC-USD,L2,2025-12-12T12:40:05.480892Z
pkt_194,1765543205480.8928,1765543205538.6267,57.73388671875,BTC-USD,L1,2025-12-12T12:40:05.480892Z
pkt_195,1765543205480.8928,1765543205493.495,12.602294921875,BTC-USD,L2,2025-12-12T12:40:05.480892Z
pkt_196,1765543205480.8928,1765543205539.2773,58.384521484375,BTC-USD,L1,2025-12-12T12:40:05.480892Z
pkt_197,1765543205480.8928,1765543205507.7454,26.8525390625,BTC-USD,L2,2025-12-12T12:40:05.480892Z
pkt_198,1765543205480.8928,1765543205534.8738,53.98095703125,BTC-USD,L1,2025-12-12T12:40:05.480892Z
pkt_199,1765543205480.8928,1765543205539.2634,58.37060546875,BTC-USD,L2,2025-12-12T12:40:05.480892Z
pkt_200,1765543205480.8928,1765543205528.3994,47.506591796875,BTC-USD,L1,2025-12-12T12:40:05.480892Z
pkt_201,1765543205480.8928,1765543205538.7007,57.807861328125,BTC-USD,L2,2025-12-12T12:40:05.480892Z
pkt_202,1765543205480.8928,1765543205492.4033,11.510498046875,BTC-USD,L1,2025-12-12T12:40:05.480892Z
pkt_203,1765543205480.8928,1765543205515.514,34.62109375,BTC-USD,L2,2025-12-12T12:40:05.480892Z
pkt_204,1765543205480.8928,1765543205533.5186,52.625732421875,BTC-USD,L1,2025-12-12T12:40:05.480892Z
pkt_205,1765543205480.8928,1765543205501.8767,20.98388671875,BTC-USD,L2,2025-12-12T12:40:05.480892Z
pkt_206,1765543205480.8928,1765543205530.734,49.841064453125,BTC-USD,L1,2025-12-12T12:40:05.480892Z
pkt_207,1765543205480.8928,1765543205552.3389,71.446044921875,BTC-USD,L2,2025-12-12T12:40:05.480892Z
pkt_208,1765543205480.8928,1765543205515.341,34.4482421875,BTC-USD,L1,2025-12-12T12:40:05.480892Z
pkt_209,1765543205480.8928,1765543205537.7847,56.891845703125,BTC-USD,L2,2025-12-12T12:40:05.480892Z
pkt_210,1765543205480.8928,1765543205519.54,38.647216796875,BTC-USD,L1,2025-12-12T12:40:05.480892Z
pkt_211,1765543205480.8928,1765543205546.2312,65.33837890625,BTC-USD,L2,2025-12-12T12:40:05.480892Z
pkt_212,1765543205480.8928,1765543205559.952,79.05908203125,BTC-USD,L1,2025-12-12T12:40:05.480892Z
pkt_213,1765543205480.8928,1765543205556.7537,75.86083984375,BTC-USD,L2,2025-12-12T12:40:05.480892Z
pkt_214,1765543205480.8928,1765543205550.235,69.34228515625,BTC-USD,L1,2025-12-12T12:40:05.480892Z
pkt_215,1765543205480.8928,1765543205503.0503,22.157470703125,BTC-USD,L2,2025-12-12T12:40:05.480892Z
pkt_216,1765543205480.8928,1765543205498.4568,17.56396484375,BTC-USD,L1,2025-12-12T12:40:05.480892Z
pkt_217,1765543205480.8928,1765543205488.059,7.166259765625,BTC-USD,L2,2025-12-12T12:40:05.480892Z
pkt_218,1765543205480.8928,1765543205507.1506,26.2578125,BTC-USD,L1,2025-12-12T12:40:05.480892Z
pkt_219,1765543205480.8928,1765543205536.7168,55.823974609375,BTC-USD,L2,2025-12-12T12:40:05.480892Z
pkt_220,1765543205480.8928,1765543205550.9504,70.0576171875,BTC-USD,L1,2025-12-12T12:40:05.480892Z
pkt_221,1765543205480.8928,1765543205530.754,49.861083984375,BTC-USD,L2,2025-12-12T12:40:05.480892Z
pkt_222,1765543205480.8928,1765543205517.8618,36.968994140625,BTC-USD,L1,2025-12-12T12:40:05.480892Z
pkt_223,1765543205480.8928,1765543205538.17,57.277099609375,BTC-USD,L2,2025-12-12T12:40:05.480892Z
pkt_224,1765543205480.8928,1765543205555.2422,74.349365234375,BTC-USD,L1,2025-12-12T12:40:05.480892Z
pkt_225,1765543205480.8928,1765543205499.9563,19.0634765625,BTC-USD,L2,2025-12-12T12:40:05.480892Z
pkt_226,1765543205480.8928,1765543205549.6814,68.78857421875,BTC-USD,L1,2025-12-12T12:40:05.480892Z
pkt_227,1765543205480.8928,1765543205548.8523,67.95947265625,BTC-USD,L2,2025-12-12T12:40:05.480892Z
pkt_228,1765543205480.8928,1765543205540.033,59.14013671875,BTC-USD,L1,2025-12-12T12:40:05.480892Z
pkt_229,1765543205480.8928,1765543205516.9963,36.103515625,BTC-USD,L2,2025-12-12T12:40:05.480892Z
pkt_230,1765543205480.8928,1765543205552.286,71.39306640625,BTC-USD,L1,2025-12-12T12:40:05.480892Z
pkt_231,1765543205480.8928,1765543205489.5464,8.653564453125,BTC-USD,L2,2025-12-12T12:40:05.480892Z
pkt_232,1765543205480.8928,1765543205543.01,62.1171875,BTC-USD,L1,2025-12-12T12:40:05.480892Z
pkt_233,1765543205480.8928,1765543205523.8267,42.933837890625,BTC-USD,L2,2025-12-12T12:40:05.480892Z
pkt_234,1765543205480.8928,1765543205535.4077,54.514892578125,BTC-USD,L1,2025-12-12T12:40:05.480892Z
pkt_235,1765543205480.8928,1765543205545.426,64.533203125,BTC-USD,L2,2025-12-12T12:40:05.480892Z
pkt_236,1765543205480.8928,1765543205503.252,22.359130859375,BTC-USD,L1,2025-12-12T12:40:05.480892Z
pkt_237,1765543205480.8928,1765543205514.0955,33.20263671875,BTC-USD,L2,2025-12-12T12:40:05.480892Z
pkt_238,1765543205480.8928,1765543205541.0693,60.176513671875,BTC-USD,L1,2025-12-12T12:40:05.480892Z
pkt_239,1765543205480.8928,1765543205547.5156,66.622802734375,BTC-USD,L2,2025-12-12T12:40:05.480892Z
pkt_240,1765543205480.8928,1765543205534.7444,53.8515625,BTC-USD,L1,2025-12-12T12:40:05.480892Z
pkt_241,1765543205480.8928,1765543205506.6438,25.7509765625,BTC-USD,L2,2025-12-12T12:40:05.480892Z
pkt_242,1765543205480.8928,1765543205517.796,36.903076171875,BTC-USD,L1,2025-12-12T12:40:05.480892Z
pkt_243,1765543205480.8928,1765543205490.1182,9.225341796875,BTC-USD,L2,2025-12-12T12:40:05.480892Z
pkt_244,1765543205480.8928,1765543205535.7776,54.884765625,BTC-USD,L1,2025-12-12T12:40:05.480892Z
pkt_245,1765543205480.8928,1765543205500.2312,19.33837890625,BTC-USD,L2,2025-12-12T12:40:05.480892Z
pkt_246,1765543205480.8928,1765543205509.0703,28.177490234375,BTC-USD,L1,2025-12-12T12:40:05.480892Z
pkt_247,1765543205480.8928,1765543205529.7266,48.833740234375,BTC-USD,L2,2025-12-12T12:40:05.480892Z
pkt_248,1765543205480.8928,1765543205541.832,60.939208984375,BTC-USD,L1,2025-12-12T12:40:05.480892Z
pkt_249,1765543205480.8928,1765543205488.5598,7.6669921875,BTC-USD,L2,2025-12-12T12:40:05.480892Z
pkt_250,1765543205480.8928,1765543205534.9749,54.08203125,BTC-USD,L1,2025-12-12T12:40:05.480892Z
pkt_251,1765543205480.8928,1765543205514.6135,33.720703125,BTC-USD,L2,2025-12-12T12:40:05.480892Z
pkt_252,1765543205480.8928,1765543205540.4258,59.532958984375,BTC-USD,L1,2025-12-12T12:40:05.480892Z
pkt_253,1765543205480.8928,1765543205493.9102,13.017333984375,BTC-USD,L2,2025-12-12T12:40:05.480892Z
pkt_254,1765543205480.8928,1765543205532.248,51.355224609375,BTC-USD,L1,2025-12-12T12:40:05.480892Z
pkt_255,1765543205480.8928,1765543205494.4197,13.52685546875,BTC-USD,L2,2025-12-12T12:40:05.480892Z
pkt_256,1765543205480.8928,1765543205507.7075,26.814697265625,BTC-USD,L1,2025-12-12T12:40:05.480892Z
pkt_257,1765543205480.8928,1765543205559.0793,78.1865234375,BTC-USD,L2,2025-12-12T12:40:05.480892Z
pkt_258,1765543205480.8928,1765543205491.9387,11.0458984375,BTC-USD,L1,2025-12-12T12:40:05.480892Z
pkt_259,1765543205480.8928,1765543205515.602,34.709228515625,BTC-USD,L2,2025-12-12T12:40:05.480892Z
pkt_260,1765543205480.8928,1765543205493.2163,12.323486328125,BTC-USD,L1,2025-12-12T12:40:05.480892Z
pkt_261,1765543205480.8928,1765543205494.8162,13.92333984375,BTC-USD,L2,2025-12-12T12:40:05.480892Z
pkt_262,1765543205480.8928,1765543205550.977,70.084228515625,BTC-USD,L1,2025-12-12T12:40:05.480892Z
pkt_263,1765543205480.8928,1765543205494.0034,13.110595703125,BTC-USD,L2,2025-12-12T12:40:05.480892Z
pkt_264,1765543205480.8928,1765543205510.2942,29.4013671875,BTC-USD,L1,2025-12-12T12:40:05.480892Z
pkt_265,1765543205480.8928,1765543205558.8545,77.961669921875,BTC-USD,L2,2025-12-12T12:40:05.480892Z
pkt_266,1765543205480.8928,1765543205524.583,43.690185546875,BTC-USD,L1,2025-12-12T12:40:05.480892Z
pkt_267,1765543205480.8928,1765543205514.642,33.749267578125,BTC-USD,L2,2025-12-12T12:40:05.480892Z
pkt_268,1765543205480.8928,1765543205550.3467,69.453857421875,BTC-USD,L1,2025-12-12T12:40:05.480892Z
pkt_269,1765543205480.8928,1765543205507.5183,26.62548828125,BTC-USD,L2,2025-12-12T12:40:05.480892Z
pkt_270,1765543205480.8928,1765543205547.6426,66.749755859375,BTC-USD,L1,2025-12-12T12:40:05.480892Z
pkt_271,1765543205480.8928,1765543205504.7651,23.872314453125,BTC-USD,L2,2025-12-12T12:40:05.480892Z
pkt_272,1765543205481.9001,1765543205545.1921,63.2919921875,BTC-USD,L1,2025-12-12T12:40:05.481900Z
pkt_273,1765543205481.9001,1765543205543.4368,61.53662109375,BTC-USD,L2,2025-12-12T12:40:05.481900Z
pkt_274,1765543205481.9001,1765543205538.0818,56.181640625,BTC-USD,L1,2025-12-12T12:40:05.481900Z
pkt_275,1765543205481.9001,1765543205531.123,49.222900390625,BTC-USD,L2,2025-12-12T12:40:05.481900Z
pkt_276,1765543205481.9001,1765543205492.6519,10.751708984375,BTC-USD,L1,2025-12-12T12:40:05.481900Z
pkt_277,1765543205481.9001,1765543205515.4675,33.5673828125,BTC-USD,L2,2025-12-12T12:40:05.481900Z
pkt_278,1765543205481.9001,1765543205547.6587,65.758544921875,BTC-USD,L1,2025-12-12T12:40:05.481900Z
pkt_279,1765543205481.9001,1765543205520.507,38.60693359375,BTC-USD,L2,2025-12-12T12:40:05.481900Z
pkt_280,1765543205481.9001,1765543205550.4417,68.54150390625,BTC-USD,L1,2025-12-12T12:40:05.481900Z
pkt_281,1765543205481.9001,1765543205519.7737,37.87353515625,BTC-USD,L2,2025-12-12T12:40:05.481900Z
pkt_282,1765543205481.9001,1765543205518.9126,37.012451171875,BTC-USD,L1,2025-12-12T12:40:05.481900Z
pkt_283,1765543205481.9001,1765543205508.815,26.914794921875,BTC-USD,L2,2025-12-12T12:40:05.481900Z
pkt_284,1765543205481.9001,1765543205559.0327,77.132568359375,BTC-USD,L1,2025-12-12T12:40:05.481900Z
pkt_285,1765543205481.9001,1765543205502.8225,20.92236328125,BTC-USD,L2,2025-12-12T12:40:05.481900Z
pkt_286,1765543205481.9001,1765543205518.9072,37.007080078125,BTC-USD,L1,2025-12-12T12:40:05.481900Z
pkt_287,1765543205481.9001,1765543205543.2542,61.35400390625,BTC-USD,L2,2025-12-12T12:40:05.481900Z
pkt_288,1765543205481.9001,1765543205543.0986,61.198486328125,BTC-USD,L1,2025-12-12T12:40:05.481900Z
pkt_289,1765543205481.9001,1765543205511.5261,29.6259765625,BTC-USD,L2,2025-12-12T12:40:05.481900Z
pkt_290,1765543205481.9001,1765543205507.7683,25.8681640625,BTC-USD,L1,2025-12-12T12:40:05.481900Z
pkt_291,1765543205481.9001,1765543205536.8264,54.92626953125,BTC-USD,L2,2025-12-12T12:40:05.481900Z
pkt_292,1765543205481.9001,1765543205489.365,7.46484375,BTC-USD,L1,2025-12-12T12:40:05.481900Z
pkt_293,1765543205481.9001,1765543205543.4692,61.569091796875,BTC-USD,L2,2025-12-12T12:40:05.481900Z
pkt_294,1765543205481.9001,1765543205544.2703,62.3701171875,BTC-USD,L1,2025-12-12T12:40:05.481900Z
pkt_295,1765543205481.9001,1765543205513.0159,31.11572265625,BTC-USD,L2,2025-12-12T12:40:05.481900Z
pkt_296,1765543205481.9001,1765543205559.7827,77.882568359375,BTC-USD,L1,2025-12-12T12:40:05.481900Z
pkt_297,1765543205481.9001,1765543205550.7673,68.8671875,BTC-USD,L2,2025-12-12T12:40:05.481900Z
pkt_298,1765543205481.9001,1765543205529.5735,47.67333984375,BTC-USD,L1,2025-12-12T12:40:05.481900Z
pkt_299,1765543205481.9001,1765543205505.151,23.250732421875,BTC-USD,L2,2025-12-12T12:40:05.481900Z
pkt_300,1765543205481.9001,1765543205551.3362,69.43603515625,BTC-USD,L1,2025-12-12T12:40:05.481900Z
pkt_301,1765543205481.9001,1765543205509.3984,27.498291015625,BTC-USD,L2,2025-12-12T12:40:05.481900Z
pkt_302,1765543205481.9001,1765543205548.7512,66.85107421875,BTC-USD,L1,2025-12-12T12:40:05.481900Z
pkt_303,1765543205481.9001,1765543205538.941,57.040771484375,BTC-USD,L2,2025-12-12T12:40:05.481900Z
pkt_304,1765543205481.9001,1765543205550.727,68.826904296875,BTC-USD,L1,2025-12-12T12:40:05.481900Z
pkt_305,1765543205481.9001,1765543205545.8481,63.947998046875,BTC-USD,L2,2025-12-12T12:40:05.481900Z
pkt_306,1765543205481.9001,1765543205508.9597,27.0595703125,BTC-USD,L1,2025-12-12T12:40:05.481900Z
pkt_307,1765543205481.9001,1765543205560.7932,78.89306640625,BTC-USD,L2,2025-12-12T12:40:05.481900Z
pkt_308,1765543205481.9001,1765543205491.0342,9.134033203125,BTC-USD,L1,2025-12-12T12:40:05.481900Z
pkt_309,1765543205481.9001,1765543205554.5535,72.6533203125,BTC-USD,L2,2025-12-12T12:40:05.481900Z
pkt_310,1765543205481.9001,1765543205517.6719,35.771728515625,BTC-USD,L1,2025-12-12T12:40:05.481900Z
pkt_311,1765543205481.9001,1765543205526.5847,44.6845703125,BTC-USD,L2,2025-12-12T12:40:05.481900Z
pkt_312,1765543205481.9001,1765543205551.4082,69.508056640625,BTC-USD,L1,2025-12-12T12:40:05.481900Z
pkt_313,1765543205481.9001,1765543205539.1936,57.29345703125,BTC-USD,L2,2025-12-12T12:40:05.481900Z
pkt_314,1765543205481.9001,1765543205539.093,57.19287109375,BTC-USD,L1,2025-12-12T12:40:05.481900Z
pkt_315,1765543205481.9001,1765543205496.3835,14.4833984375,BTC-USD,L2,2025-12-12T12:40:05.481900Z
pkt_316,1765543205481.9001,1765543205559.876,77.975830078125,BTC-USD,L1,2025-12-12T12:40:05.481900Z
pkt_317,1765543205481.9001,1765543205525.9187,44.0185546875,BTC-USD,L2,2025-12-12T12:40:05.481900Z
pkt_318,1765543205481.9001,1765543205548.0837,66.18359375,BTC-USD,L1,2025-12-12T12:40:05.481900Z
pkt_319,1765543205481.9001,1765543205510.0234,28.123291015625,BTC-USD,L2,2025-12-12T12:40:05.481900Z
pkt_320,1765543205481.9001,1765543205553.9878,72.087646484375,BTC-USD,L1,2025-12-12T12:40:05.481900Z
pkt_321,1765543205481.9001,1765543205518.5615,36.661376953125,BTC-USD,L2,2025-12-12T12:40:05.481900Z
pkt_322,1765543205481.9001,1765543205503.8457,21.945556640625,BTC-USD,L1,2025-12-12T12:40:05.481900Z
pkt_323,1765543205481.9001,1765543205538.7463,56.84619140625,BTC-USD,L2,2025-12-12T12:40:05.481900Z
pkt_324,1765543205481.9001,1765543205513.1492,31.2490234375,BTC-USD,L1,2025-12-12T12:40:05.481900Z
pkt_325,1765543205481.9001,1765543205555.9426,74.04248046875,BTC-USD,L2,2025-12-12T12:40:05.481900Z
pkt_326,1765543205481.9001,1765543205516.8977,34.99755859375,BTC-USD,L1,2025-12-12T12:40:05.481900Z
pkt_327,1765543205481.9001,1765543205529.4478,47.547607421875,BTC-USD,L2,2025-12-12T12:40:05.481900Z
pkt_328,1765543205481.9001,1765543205556.446,74.5458984375,BTC-USD,L1,2025-12-12T12:40:05.481900Z
pkt_329,1765543205481.9001,1765543205543.7788,61.878662109375,BTC-USD,L2,2025-12-12T12:40:05.481900Z
pkt_330,1765543205481.9001,1765543205491.183,9.282958984375,BTC-USD,L1,2025-12-12T12:40:05.481900Z
pkt_331,1765543205481.9001,1765543205559.1377,77.237548828125,BTC-USD,L2,2025-12-12T12:40:05.481900Z
pkt_332,1765543205481.9001,1765543205547.1836,65.283447265625,BTC-USD,L1,2025-12-12T12:40:05.481900Z
pkt_333,1765543205481.9001,1765543205508.4775,26.577392578125,BTC-USD,L2,2025-12-12T12:40:05.481900Z
pkt_334,1765543205481.9001,1765543205489.44,7.539794921875,BTC-USD,L1,2025-12-12T12:40:05.481900Z
pkt_335,1765543205481.9001,1765543205498.368,16.4677734375,BTC-USD,L2,2025-12-12T12:40:05.481900Z
pkt_336,1765543205481.9001,1765543205529.5095,47.609375,BTC-USD,L1,2025-12-12T12:40:05.481900Z
pkt_337,1765543205481.9001,1765543205534.7324,52.832275390625,BTC-USD,L2,2025-12-12T12:40:05.481900Z
pkt_338,1765543205481.9001,1765543205546.3088,64.40869140625,BTC-USD,L1,2025-12-12T12:40:05.481900Z
pkt_339,1765543205481.9001,1765543205550.2595,68.359375,BTC-USD,L2,2025-12-12T12:40:05.481900Z
pkt_340,1765543205481.9001,1765543205534.1238,52.2236328125,BTC-USD,L1,2025-12-12T12:40:05.481900Z
pkt_341,1765543205481.9001,1765543205502.6501,20.75,BTC-USD,L2,2025-12-12T12:40:05.481900Z
pkt_342,1765543205481.9001,1765543205560.7642,78.864013671875,BTC-USD,L1,2025-12-12T12:40:05.481900Z
pkt_343,1765543205481.9001,1765543205497.1567,15.256591796875,BTC-USD,L2,2025-12-12T12:40:05.481900Z
pkt_344,1765543205481.9001,1765543205548.4807,66.58056640625,BTC-USD,L1,2025-12-12T12:40:05.481900Z
pkt_345,1765543205481.9001,1765543205494.7173,12.817138671875,BTC-USD,L2,2025-12-12T12:40:05.481900Z
pkt_346,1765543205481.9001,1765543205540.1917,58.29150390625,BTC-USD,L1,2025-12-12T12:40:05.481900Z
pkt_347,1765543205481.9001,1765543205487.1836,5.283447265625,BTC-USD,L2,2025-12-12T12:40:05.481900Z
pkt_348,1765543205481.9001,1765543205544.2427,62.342529296875,BTC-USD,L1,2025-12-12T12:40:05.481900Z
pkt_349,1765543205481.9001,1765543205494.941,13.040771484375,BTC-USD,L2,2025-12-12T12:40:05.481900Z
pkt_350,1765543205481.9001,1765543205502.2615,20.361328125,BTC-USD,L1,2025-12-12T12:40:05.481900Z
pkt_351,1765543205481.9001,1765543205561.7827,79.882568359375,BTC-USD,L2,2025-12-12T12:40:05.481900Z
pkt_352,1765543205481.9001,1765543205539.9375,58.037353515625,BTC-USD,L1,2025-12-12T12:40:05.481900Z
pkt_353,1765543205481.9001,1765543205503.5989,21.69873046875,BTC-USD,L2,2025-12-12T12:40:05.481900Z
pkt_354,1765543205481.9001,1765543205504.1094,22.209228515625,BTC-USD,L1,2025-12-12T12:40:05.481900Z
pkt_355,1765543205481.9001,1765543205537.7148,55.814697265625,BTC-USD,L2,2025-12-12T12:40:05.481900Z
pkt_356,1765543205481.9001,1765543205561.8577,79.95751953125,BTC-USD,L1,2025-12-12T12:40:05.481900Z
pkt_357,1765543205481.9001,1765543205506.1736,24.2734375,BTC-USD,L2,2025-12-12T12:40:05.481900Z
pkt_358,1765543205481.9001,1765543205540.2375,58.33740234375,BTC-USD,L1,2025-12-12T12:40:05.481900Z
pkt_359,1765543205481.9001,1765543205521.665,39.764892578125,BTC-USD,L2,2025-12-12T12:40:05.481900Z
pkt_360,1765543205481.9001,1765543205493.727,11.826904296875,BTC-USD,L1,2025-12-12T12:40:05.481900Z
pkt_361,1765543205481.9001,1765543205559.2864,77.38623046875,BTC-USD,L2,2025-12-12T12:40:05.481900Z
pkt_362,1765543205481.9001,1765543205532.3499,50.44970703125,BTC-USD,L1,2025-12-12T12:40:05.481900Z
pkt_363,1765543205481.9001,1765543205495.9023,14.002197265625,BTC-USD,L2,2025-12-12T12:40:05.481900Z
pkt_364,1765543205481.9001,1765543205499.8545,17.954345703125,BTC-USD,L1,2025-12-12T12:40:05.481900Z
pkt_365,1765543205481.9001,1765543205488.909,7.0087890625,BTC-USD,L2,2025-12-12T12:40:05.481900Z
pkt_366,1765543205481.9001,1765543205547.1055,65.205322265625,BTC-USD,L1,2025-12-12T12:40:05.481900Z
pkt_367,1765543205481.9001,1765543205543.982,62.081787109375,BTC-USD,L2,2025-12-12T12:40:05.481900Z
pkt_368,1765543205481.9001,1765543205550.5867,68.6865234375,BTC-USD,L1,2025-12-12T12:40:05.481900Z
pkt_369,1765543205481.9001,1765543205557.2815,75.38134765625,BTC-USD,L2,2025-12-12T12:40:05.481900Z
pkt_370,1765543205481.9001,1765543205496.1436,14.243408203125,BTC-USD,L1,2025-12-12T12:40:05.481900Z
pkt_371,1765543205481.9001,1765543205545.6704,63.770263671875,BTC-USD,L2,2025-12-12T12:40:05.481900Z
pkt_372,1765543205481.9001,1765543205528.3506,46.450439453125,BTC-USD,L1,2025-12-12T12:40:05.481900Z
pkt_373,1765543205481.9001,1765543205536.0557,54.155517578125,BTC-USD,L2,2025-12-12T12:40:05.481900Z
pkt_374,1765543205481.9001,1765543205548.803,66.90283203125,BTC-USD,L1,2025-12-12T12:40:05.481900Z
pkt_375,1765543205481.9001,1765543205493.1118,11.211669921875,BTC-USD,L2,2025-12-12T12:40:05.481900Z
pkt_376,1765543205481.9001,1765543205524.6494,42.749267578125,BTC-USD,L1,2025-12-12T12:40:05.481900Z
pkt_377,1765543205481.9001,1765543205534.8706,52.970458984375,BTC-USD,L2,2025-12-12T12:40:05.481900Z
pkt_378,1765543205481.9001,1765543205506.2168,24.316650390625,BTC-USD,L1,2025-12-12T12:40:05.481900Z
pkt_379,1765543205481.9001,1765543205509.4463,27.546142578125,BTC-USD,L2,2025-12-12T12:40:05.481900Z
pkt_380,1765543205481.9001,1765543205516.515,34.61474609375,BTC-USD,L1,2025-12-12T12:40:05.481900Z
pkt_381,1765543205481.9001,1765543205506.035,24.134765625,BTC-USD,L2,2025-12-12T12:40:05.481900Z
pkt_382,1765543205481.9001,1765543205540.2256,58.325439453125,BTC-USD,L1,2025-12-12T12:40:05.481900Z
pkt_383,1765543205481.9001,1765543205552.9316,71.031494140625,BTC-USD,L2,2025-12-12T12:40:05.481900Z
pkt_384,1765543205481.9001,1765543205544.4595,62.559326171875,BTC-USD,L1,2025-12-12T12:40:05.481900Z
pkt_385,1765543205481.9001,1765543205543.223,61.32275390625,BTC-USD,L2,2025-12-12T12:40:05.481900Z
pkt_386,1765543205481.9001,1765543205537.9365,56.036376953125,BTC-USD,L1,2025-12-12T12:40:05.481900Z
pkt_387,1765543205481.9001,1765543205522.0886,40.1884765625,BTC-USD,L2,2025-12-12T12:40:05.481900Z
pkt_388,1765543205481.9001,1765543205526.316,44.415771484375,BTC-USD,L1,2025-12-12T12:40:05.481900Z
pkt_389,1765543205481.9001,1765543205547.1545,65.25439453125,BTC-USD,L2,2025-12-12T12:40:05.481900Z
pkt_390,1765543205481.9001,1765543205498.8394,16.939208984375,BTC-USD,L1,2025-12-12T12:40:05.481900Z
pkt_391,1765543205481.9001,1765543205504.7693,22.869140625,BTC-USD,L2,2025-12-12T12:40:05.481900Z
pkt_392,1765543205481.9001,1765543205504.6377,22.737548828125,BTC-USD,L1,2025-12-12T12:40:05.481900Z
pkt_393,1765543205481.9001,1765543205555.7527,73.8525390625,BTC-USD,L2,2025-12-12T12:40:05.481900Z
pkt_394,1765543205481.9001,1765543205491.1438,9.24365234375,BTC-USD,L1,2025-12-12T12:40:05.481900Z
pkt_395,1765543205481.9001,1765543205556.2246,74.324462890625,BTC-USD,L2,2025-12-12T12:40:05.481900Z
pkt_396,1765543205481.9001,1765543205520.832,38.931884765625,BTC-USD,L1,2025-12-12T12:40:05.481900Z
pkt_397,1765543205481.9001,1765543205521.2717,39.37158203125,BTC-USD,L2,2025-12-12T12:40:05.481900Z
pkt_398,1765543205481.9001,1765543205518.6838,36.78369140625,BTC-USD,L1,2025-12-12T12:40:05.481900Z
pkt_399,1765543205481.9001,1765543205531.416,49.515869140625,BTC-USD,L2,2025-12-12T12:40:05.481900Z
pkt_400,1765543205481.9001,1765543205511.7234,29.8232421875,BTC-USD,L1,2025-12-12T12:40:05.481900Z
pkt_401,1765543205481.9001,1765543205548.219,66.31884765625,BTC-USD,L2,2025-12-12T12:40:05.481900Z
pkt_402,1765543205481.9001,1765543205543.1272,61.22705078125,BTC-USD,L1,2025-12-12T12:40:05.481900Z
pkt_403,1765543205481.9001,1765543205504.8772,22.97705078125,BTC-USD,L2,2025-12-12T12:40:05.481900Z
pkt_404,1765543205481.9001,1765543205487.8843,5.984130859375,BTC-USD,L1,2025-12-12T12:40:05.481900Z
pkt_405,1765543205481.9001,1765543205489.3252,7.425048828125,BTC-USD,L2,2025-12-12T12:40:05.481900Z
pkt_406,1765543205481.9001,1765543205552.1917,70.29150390625,BTC-USD,L1,2025-12-12T12:40:05.481900Z
pkt_407,1765543205481.9001,1765543205556.5305,74.63037109375,BTC-USD,L2,2025-12-12T12:40:05.481900Z
pkt_408,1765543205481.9001,1765543205520.9536,39.053466796875,BTC-USD,L1,2025-12-12T12:40:05.481900Z
pkt_409,1765543205481.9001,1765543205558.2217,76.321533203125,BTC-USD,L2,2025-12-12T12:40:05.481900Z
pkt_410,1765543205481.9001,1765543205529.1035,47.203369140625,BTC-USD,L1,2025-12-12T12:40:05.481900Z
pkt_411,1765543205481.9001,1765543205518.537,36.636962890625,BTC-USD,L2,2025-12-12T12:40:05.481900Z
pkt_412,1765543205481.9001,1765543205512.8074,30.9072265625,BTC-USD,L1,2025-12-12T12:40:05.481900Z
pkt_413,1765543205481.9001,1765543205523.8284,41.92822265625,BTC-USD,L2,2025-12-12T12:40:05.481900Z
pkt_414,1765543205481.9001,1765543205550.9556,69.055419921875,BTC-USD,L1,2025-12-12T12:40:05.481900Z
pkt_415,1765543205481.9001,1765543205501.515,19.61474609375,BTC-USD,L2,2025-12-12T12:40:05.481900Z
pkt_416,1765543205481.9001,1765543205553.8423,71.942138671875,BTC-USD,L1,2025-12-12T12:40:05.481900Z
pkt_417,1765543205481.9001,1765543205504.777,22.876953125,BTC-USD,L2,2025-12-12T12:40:05.481900Z
pkt_418,1765543205481.9001,1765543205517.701,35.80078125,BTC-USD,L1,2025-12-12T12:40:05.481900Z
pkt_419,1765543205481.9001,1765543205552.465,70.56494140625,BTC-USD,L2,2025-12-12T12:40:05.481900Z
pkt_420,1765543205481.9001,1765543205517.8125,35.912353515625,BTC-USD,L1,2025-12-12T12:40:05.481900Z
pkt_421,1765543205481.9001,1765543205498.066,16.165771484375,BTC-USD,L2,2025-12-12T12:40:05.481900Z
pkt_422,1765543205481.9001,1765543205500.9006,19.00048828125,BTC-USD,L1,2025-12-12T12:40:05.481900Z
pkt_423,1765543205481.9001,1765543205531.5588,49.65869140625,BTC-USD,L2,2025-12-12T12:40:05.481900Z
pkt_424,1765543205481.9001,1765543205556.906,75.005859375,BTC-USD,L1,2025-12-12T12:40:05.481900Z
pkt_425,1765543205481.9001,1765543205558.9214,77.021240234375,BTC-USD,L2,2025-12-12T12:40:05.481900Z
pkt_426,1765543205481.9001,1765543205495.7954,13.895263671875,BTC-USD,L1,2025-12-12T12:40:05.481900Z
pkt_427,1765543205481.9001,1765543205558.1086,76.20849609375,BTC-USD,L2,2025-12-12T12:40:05.481900Z
pkt_428,1765543205481.9001,1765543205548.9897,67.089599609375,BTC-USD,L1,2025-12-12T12:40:05.481900Z
pkt_429,1765543205481.9001,1765543205500.645,18.744873046875,BTC-USD,L2,2025-12-12T12:40:05.481900Z
pkt_430,1765543205481.9001,1765543205559.0679,77.167724609375,BTC-USD,L1,2025-12-12T12:40:05.481900Z
pkt_431,1765543205481.9001,1765543205499.7805,17.88037109375,BTC-USD,L2,2025-12-12T12:40:05.481900Z
pkt_432,1765543205481.9001,1765543205536.8042,54.904052734375,BTC-USD,L1,2025-12-12T12:40:05.481900Z
pkt_433,1765543205481.9001,1765543205507.2432,25.343017578125,BTC-USD,L2,2025-12-12T12:40:05.481900Z
pkt_434,1765543205481.9001,1765543205545.3455,63.4453125,BTC-USD,L1,2025-12-12T12:40:05.481900Z
pkt_435,1765543205481.9001,1765543205541.6985,59.79833984375,BTC-USD,L2,2025-12-12T12:40:05.481900Z
pkt_436,1765543205481.9001,1765543205502.3508,20.45068359375,BTC-USD,L1,2025-12-12T12:40:05.481900Z
pkt_437,1765543205481.9001,1765543205491.716,9.81591796875,BTC-USD,L2,2025-12-12T12:40:05.481900Z
pkt_438,1765543205481.9001,1765543205518.5945,36.6943359375,BTC-USD,L1,2025-12-12T12:40:05.481900Z
pkt_439,1765543205481.9001,1765543205558.7285,76.828369140625,BTC-USD,L2,2025-12-12T12:40:05.481900Z
pkt_440,1765543205481.9001,1765543205540.9756,59.075439453125,BTC-USD,L1,2025-12-12T12:40:05.481900Z
pkt_441,1765543205481.9001,1765543205535.504,53.603759765625,BTC-USD,L2,2025-12-12T12:40:05.481900Z
pkt_442,1765543205481.9001,1765543205558.5415,76.641357421875,BTC-USD,L1,2025-12-12T12:40:05.481900Z
pkt_443,1765543205481.9001,1765543205502.3247,20.424560546875,BTC-USD,L2,2025-12-12T12:40:05.481900Z
pkt_444,1765543205481.9001,1765543205490.8604,8.960205078125,BTC-USD,L1,2025-12-12T12:40:05.481900Z
pkt_445,1765543205481.9001,1765543205493.6514,11.751220703125,BTC-USD,L2,2025-12-12T12:40:05.481900Z
pkt_446,1765543205481.9001,1765543205505.4104,23.51025390625,BTC-USD,L1,2025-12-12T12:40:05.481900Z
pkt_447,1765543205481.9001,1765543205512.949,31.048828125,BTC-USD,L2,2025-12-12T12:40:05.481900Z
pkt_448,1765543205481.9001,1765543205498.3066,16.406494140625,BTC-USD,L1,2025-12-12T12:40:05.481900Z
pkt_449,1765543205481.9001,1765543205513.3384,31.438232421875,BTC-USD,L2,2025-12-12T12:40:05.481900Z
pkt_450,1765543205481.9001,1765543205504.1704,22.270263671875,BTC-USD,L1,2025-12-12T12:40:05.481900Z
pkt_451,1765543205481.9001,1765543205531.3555,49.455322265625,BTC-USD,L2,2025-12-12T12:40:05.481900Z
pkt_452,1765543205481.9001,1765543205535.2366,53.33642578125,BTC-USD,L1,2025-12-12T12:40:05.481900Z
pkt_453,1765543205481.9001,1765543205498.4668,16.566650390625,BTC-USD,L2,2025-12-12T12:40:05.481900Z
pkt_454,1765543205481.9001,1765543205515.9126,34.012451171875,BTC-USD,L1,2025-12-12T12:40:05.481900Z
pkt_455,1765543205481.9001,1765543205546.9397,65.03955078125,BTC-USD,L2,2025-12-12T12:40:05.481900Z
pkt_456,1765543205481.9001,1765543205504.1555,22.25537109375,BTC-USD,L1,2025-12-12T12:40:05.481900Z
pkt_457,1765543205481.9001,1765543205559.7651,77.864990234375,BTC-USD,L2,2025-12-12T12:40:05.481900Z
pkt_458,1765543205481.9001,1765543205505.0789,23.1787109375,BTC-USD,L1,2025-12-12T12:40:05.481900Z
pkt_459,1765543205481.9001,1765543205509.2625,27.3623046875,BTC-USD,L2,2025-12-12T12:40:05.481900Z
pkt_460,1765543205481.9001,1765543205516.2993,34.399169921875,BTC-USD,L1,2025-12-12T12:40:05.481900Z
pkt_461,1765543205481.9001,1765543205518.8826,36.982421875,BTC-USD,L2,2025-12-12T12:40:05.481900Z
pkt_462,1765543205481.9001,1765543205505.4062,23.506103515625,BTC-USD,L1,2025-12-12T12:40:05.481900Z
pkt_463,1765543205481.9001,1765543205539.7385,57.83837890625,BTC-USD,L2,2025-12-12T12:40:05.481900Z
pkt_464,1765543205481.9001,1765543205527.4055,45.50537109375,BTC-USD,L1,2025-12-12T12:40:05.481900Z
pkt_465,1765543205481.9001,1765543205501.6567,19.756591796875,BTC-USD,L2,2025-12-12T12:40:05.481900Z
pkt_466,1765543205481.9001,1765543205511.2297,29.32958984375,BTC-USD,L1,2025-12-12T12:40:05.481900Z
pkt_467,1765543205481.9001,1765543205509.0684,27.168212890625,BTC-USD,L2,2025-12-12T12:40:05.481900Z
pkt_468,1765543205481.9001,1765543205509.572,27.671875,BTC-USD,L1,2025-12-12T12:40:05.481900Z
pkt_469,1765543205481.9001,1765543205529.617,47.716796875,BTC-USD,L2,2025-12-12T12:40:05.481900Z
pkt_470,1765543205481.9001,1765543205531.4495,49.54931640625,BTC-USD,L1,2025-12-12T12:40:05.481900Z
pkt_471,1765543205481.9001,1765543205551.529,69.62890625,BTC-USD,L2,2025-12-12T12:40:05.481900Z
pkt_472,1765543205481.9001,1765543205494.778,12.8779296875,BTC-USD,L1,2025-12-12T12:40:05.481900Z
pkt_473,1765543205481.9001,1765543205498.967,17.06689453125,BTC-USD,L2,2025-12-12T12:40:05.481900Z
pkt_474,1765543205481.9001,1765543205549.9036,68.00341796875,BTC-USD,L1,2025-12-12T12:40:05.481900Z
pkt_475,1765543205481.9001,1765543205487.8025,5.90234375,BTC-USD,L2,2025-12-12T12:40:05.481900Z
pkt_476,1765543205481.9001,1765543205491.9817,10.08154296875,BTC-USD,L1,2025-12-12T12:40:05.481900Z
pkt_477,1765543205481.9001,1765543205536.9902,55.090087890625,BTC-USD,L2,2025-12-12T12:40:05.481900Z
pkt_478,1765543205481.9001,1765543205532.0654,50.165283203125,BTC-USD,L1,2025-12-12T12:40:05.481900Z
pkt_479,1765543205481.9001,1765543205502.7576,20.857421875,BTC-USD,L2,2025-12-12T12:40:05.481900Z
pkt_480,1765543205481.9001,1765543205559.0837,77.18359375,BTC-USD,L1,2025-12-12T12:40:05.481900Z
pkt_481,1765543205481.9001,1765543205508.094,26.19384765625,BTC-USD,L2,2025-12-12T12:40:05.481900Z
pkt_482,1765543205481.9001,1765543205561.8364,79.936279296875,BTC-USD,L1,2025-12-12T12:40:05.481900Z
pkt_483,1765543205481.9001,1765543205520.6858,38.78564453125,BTC-USD,L2,2025-12-12T12:40:05.481900Z
pkt_484,1765543205481.9001,1765543205498.4346,16.534423828125,BTC-USD,L1,2025-12-12T12:40:05.481900Z
pkt_485,1765543205481.9001,1765543205541.551,59.65087890625,BTC-USD,L2,2025-12-12T12:40:05.481900Z
pkt_486,1765543205481.9001,1765543205541.5862,59.68603515625,BTC-USD,L1,2025-12-12T12:40:05.481900Z
pkt_487,1765543205481.9001,1765543205545.762,63.86181640625,BTC-USD,L2,2025-12-12T12:40:05.481900Z
pkt_488,1765543205481.9001,1765543205499.68,17.77978515625,BTC-USD,L1,2025-12-12T12:40:05.481900Z
pkt_489,1765543205481.9001,1765543205556.9949,75.0947265625,BTC-USD,L2,2025-12-12T12:40:05.481900Z
pkt_490,1765543205481.9001,1765543205509.2043,27.30419921875,BTC-USD,L1,2025-12-12T12:40:05.481900Z
pkt_491,1765543205481.9001,1765543205561.8384,79.938232421875,BTC-USD,L2,2025-12-12T12:40:05.481900Z
pkt_492,1765543205481.9001,1765543205555.8652,73.965087890625,BTC-USD,L1,2025-12-12T12:40:05.481900Z
pkt_493,1765543205481.9001,1765543205556.1792,74.279052734375,BTC-USD,L2,2025-12-12T12:40:05.481900Z
pkt_494,1765543205481.9001,1765543205561.5723,79.672119140625,BTC-USD,L1,2025-12-12T12:40:05.481900Z
pkt_495,1765543205481.9001,1765543205517.6646,35.764404296875,BTC-USD,L2,2025-12-12T12:40:05.481900Z
pkt_496,1765543205481.9001,1765543205507.5193,25.619140625,BTC-USD,L1,2025-12-12T12:40:05.481900Z
pkt_497,1765543205481.9001,1765543205545.142,63.241943359375,BTC-USD,L2,2025-12-12T12:40:05.481900Z
pkt_498,1765543205481.9001,1765543205491.6008,9.70068359375,BTC-USD,L1,2025-12-12T12:40:05.481900Z
pkt_499,1765543205481.9001,1765543205524.3696,42.469482421875,BTC-USD,L2,2025-12-12T12:40:05.481900Z
pkt_500,1765543205481.9001,1765543205542.1924,60.292236328125,BTC-USD,L1,2025-12-12T12:40:05.481900Z
pkt_501,1765543205481.9001,1765543205507.3726,25.472412109375,BTC-USD,L2,2025-12-12T12:40:05.481900Z
pkt_502,1765543205481.9001,1765543205517.2954,35.395263671875,BTC-USD,L1,2025-12-12T12:40:05.481900Z
pkt_503,1765543205481.9001,1765543205549.8809,67.980712890625,BTC-USD,L2,2025-12-12T12:40:05.481900Z
pkt_504,1765543205481.9001,1765543205549.6445,67.744384765625,BTC-USD,L1,2025-12-12T12:40:05.481900Z
pkt_505,1765543205481.9001,1765543205554.2393,72.339111328125,BTC-USD,L2,2025-12-12T12:40:05.481900Z
pkt_506,1765543205481.9001,1765543205493.7466,11.846435546875,BTC-USD,L1,2025-12-12T12:40:05.481900Z
pkt_507,1765543205481.9001,1765543205552.7168,70.816650390625,BTC-USD,L2,2025-12-12T12:40:05.481900Z
pkt_508,1765543205481.9001,1765543205493.076,11.17578125,BTC-USD,L1,2025-12-12T12:40:05.481900Z
pkt_509,1765543205481.9001,1765543205518.4746,36.574462890625,BTC-USD,L2,2025-12-12T12:40:05.481900Z
pkt_510,1765543205481.9001,1765543205514.83,32.929931640625,BTC-USD,L1,2025-12-12T12:40:05.481900Z
pkt_511,1765543205481.9001,1765543205543.999,62.098876953125,BTC-USD,L2,2025-12-12T12:40:05.481900Z
pkt_512,1765543205481.9001,1765543205505.4148,23.5146484375,BTC-USD,L1,2025-12-12T12:40:05.481900Z
pkt_513,1765543205481.9001,1765543205517.3542,35.4541015625,BTC-USD,L2,2025-12-12T12:40:05.481900Z
pkt_514,1765543205481.9001,1765543205503.8027,21.902587890625,BTC-USD,L1,2025-12-12T12:40:05.481900Z
pkt_515,1765543205481.9001,1765543205519.3167,37.41650390625,BTC-USD,L2,2025-12-12T12:40:05.481900Z
pkt_516,1765543205481.9001,1765543205545.1074,63.207275390625,BTC-USD,L1,2025-12-12T12:40:05.481900Z
pkt_517,1765543205481.9001,1765543205543.329,61.428955078125,BTC-USD,L2,2025-12-12T12:40:05.481900Z
pkt_518,1765543205481.9001,1765543205518.3306,36.430419921875,BTC-USD,L1,2025-12-12T12:40:05.481900Z
pkt_519,1765543205481.9001,1765543205517.0837,35.18359375,BTC-USD,L2,2025-12-12T12:40:05.481900Z
pkt_520,1765543205481.9001,1765543205516.354,34.453857421875,BTC-USD,L1,2025-12-12T12:40:05.481900Z
pkt_521,1765543205481.9001,1765543205514.7415,32.84130859375,BTC-USD,L2,2025-12-12T12:40:05.481900Z
pkt_522,1765543205481.9001,1765543205494.493,12.5927734375,BTC-USD,L1,2025-12-12T12:40:05.481900Z
pkt_523,1765543205481.9001,1765543205549.1013,67.201171875,BTC-USD,L2,2025-12-12T12:40:05.481900Z
pkt_524,1765543205481.9001,1765543205547.2375,65.33740234375,BTC-USD,L1,2025-12-12T12:40:05.481900Z
pkt_525,1765543205481.9001,1765543205541.713,59.812744140625,BTC-USD,L2,2025-12-12T12:40:05.481900Z
pkt_526,1765543205481.9001,1765543205498.8086,16.908447265625,BTC-USD,L1,2025-12-12T12:40:05.481900Z
pkt_527,1765543205481.9001,1765543205505.7197,23.819580078125,BTC-USD,L2,2025-12-12T12:40:05.481900Z
pkt_528,1765543205481.9001,1765543205493.776,11.875732421875,BTC-USD,L1,2025-12-12T12:40:05.481900Z
pkt_529,1765543205481.9001,1765543205519.0544,37.154296875,BTC-USD,L2,2025-12-12T12:40:05.481900Z
pkt_530,1765543205481.9001,1765543205521.821,39.9208984375,BTC-USD,L1,2025-12-12T12:40:05.481900Z
pkt_531,1765543205481.9001,1765543205526.0962,44.196044921875,BTC-USD,L2,2025-12-12T12:40:05.481900Z
pkt_532,1765543205481.9001,1765543205553.8252,71.925048828125,BTC-USD,L1,2025-12-12T12:40:05.481900Z
pkt_533,1765543205481.9001,1765543205521.1724,39.272216796875,BTC-USD,L2,2025-12-12T12:40:05.481900Z
pkt_534,1765543205481.9001,1765543205536.3245,54.42431640625,BTC-USD,L1,2025-12-12T12:40:05.481900Z
pkt_535,1765543205481.9001,1765543205510.0354,28.13525390625,BTC-USD,L2,2025-12-12T12:40:05.481900Z
pkt_536,1765543205481.9001,1765543205519.9941,38.093994140625,BTC-USD,L1,2025-12-12T12:40:05.481900Z
pkt_537,1765543205481.9001,1765543205518.781,36.880859375,BTC-USD,L2,2025-12-12T12:40:05.481900Z
pkt_538,1765543205481.9001,1765543205558.0818,76.181640625,BTC-USD,L1,2025-12-12T12:40:05.481900Z
pkt_539,1765543205481.9001,1765543205488.1992,6.299072265625,BTC-USD,L2,2025-12-12T12:40:05.481900Z
pkt_540,1765543205481.9001,1765543205558.0298,76.129638671875,BTC-USD,L1,2025-12-12T12:40:05.481900Z
pkt_541,1765543205481.9001,1765543205558.6301,76.72998046875,BTC-USD,L2,2025-12-12T12:40:05.481900Z
pkt_542,1765543205481.9001,1765543205530.4075,48.50732421875,BTC-USD,L1,2025-12-12T12:40:05.481900Z
pkt_543,1765543205481.9001,1765543205524.4385,42.538330078125,BTC-USD,L2,2025-12-12T12:40:05.481900Z
pkt_544,1765543205481.9001,1765543205517.6482,35.748046875,BTC-USD,L1,2025-12-12T12:40:05.481900Z
pkt_545,1765543205481.9001,1765543205526.8416,44.94140625,BTC-USD,L2,2025-12-12T12:40:05.481900Z
pkt_546,1765543205481.9001,1765543205505.0076,23.107421875,BTC-USD,L1,2025-12-12T12:40:05.481900Z
pkt_547,1765543205481.9001,1765543205495.6865,13.786376953125,BTC-USD,L2,2025-12-12T12:40:05.481900Z
pkt_548,1765543205481.9001,1765543205517.744,35.84375,BTC-USD,L1,2025-12-12T12:40:05.481900Z
pkt_549,1765543205481.9001,1765543205546.3633,64.463134765625,BTC-USD,L2,2025-12-12T12:40:05.481900Z
pkt_550,1765543205481.9001,1765543205488.2524,6.352294921875,BTC-USD,L1,2025-12-12T12:40:05.481900Z
pkt_551,1765543205481.9001,1765543205507.8044,25.904296875,BTC-USD,L2,2025-12-12T12:40:05.481900Z
pkt_552,1765543205481.9001,1765543205528.9941,47.093994140625,BTC-USD,L1,2025-12-12T12:40:05.481900Z
pkt_553,1765543205481.9001,1765543205536.4922,54.592041015625,BTC-USD,L2,2025-12-12T12:40:05.481900Z
pkt_554,1765543205481.9001,1765543205488.6255,6.725341796875,BTC-USD,L1,2025-12-12T12:40:05.481900Z
pkt_555,1765543205481.9001,1765543205538.031,56.130859375,BTC-USD,L2,2025-12-12T12:40:05.481900Z
pkt_556,1765543205481.9001,1765543205517.8035,35.9033203125,BTC-USD,L1,2025-12-12T12:40:05.481900Z
pkt_557,1765543205481.9001,1765543205550.7095,68.809326171875,BTC-USD,L2,2025-12-12T12:40:05.481900Z
pkt_558,1765543205481.9001,1765543205542.0886,60.1884765625,BTC-USD,L1,2025-12-12T12:40:05.481900Z
pkt_559,1765543205481.9001,1765543205510.2737,28.37353515625,BTC-USD,L2,2025-12-12T12:40:05.481900Z
pkt_560,1765543205481.9001,1765543205497.6853,15.78515625,BTC-USD,L1,2025-12-12T12:40:05.481900Z
pkt_561,1765543205481.9001,1765543205490.1282,8.22802734375,BTC-USD,L2,2025-12-12T12:40:05.481900Z
pkt_562,1765543205481.9001,1765543205509.2622,27.362060546875,BTC-USD,L1,2025-12-12T12:40:05.481900Z
pkt_563,1765543205481.9001,1765543205547.2014,65.30126953125,BTC-USD,L2,2025-12-12T12:40:05.481900Z
pkt_564,1765543205481.9001,1765543205502.0022,20.10205078125,BTC-USD,L1,2025-12-12T12:40:05.481900Z
pkt_565,1765543205481.9001,1765543205510.491,28.5908203125,BTC-USD,L2,2025-12-12T12:40:05.481900Z
pkt_566,1765543205481.9001,1765543205527.4487,45.548583984375,BTC-USD,L1,2025-12-12T12:40:05.481900Z
pkt_567,1765543205481.9001,1765543205493.0764,11.17626953125,BTC-USD,L2,2025-12-12T12:40:05.481900Z
pkt_568,1765543205481.9001,1765543205557.945,76.044921875,BTC-USD,L1,2025-12-12T12:40:05.481900Z
pkt_569,1765543205481.9001,1765543205516.1848,34.28466796875,BTC-USD,L2,2025-12-12T12:40:05.481900Z
pkt_570,1765543205481.9001,1765543205497.8503,15.9501953125,BTC-USD,L1,2025-12-12T12:40:05.481900Z
pkt_571,1765543205481.9001,1765543205542.6707,60.7705078125,BTC-USD,L2,2025-12-12T12:40:05.481900Z
pkt_572,1765543205481.9001,1765543205560.2036,78.303466796875,BTC-USD,L1,2025-12-12T12:40:05.481900Z
pkt_573,1765543205481.9001,1765543205527.435,45.534912109375,BTC-USD,L2,2025-12-12T12:40:05.481900Z
pkt_574,1765543205481.9001,1765543205533.43,51.52978515625,BTC-USD,L1,2025-12-12T12:40:05.481900Z
pkt_575,1765543205481.9001,1765543205503.8132,21.9130859375,BTC-USD,L2,2025-12-12T12:40:05.481900Z
pkt_576,1765543205481.9001,1765543205534.8904,52.990234375,BTC-USD,L1,2025-12-12T12:40:05.481900Z
pkt_577,1765543205481.9001,1765543205500.4268,18.526611328125,BTC-USD,L2,2025-12-12T12:40:05.481900Z
pkt_578,1765543205481.9001,1765543205546.8076,64.907470703125,BTC-USD,L1,2025-12-12T12:40:05.481900Z
pkt_579,1765543205481.9001,1765543205523.274,41.373779296875,BTC-USD,L2,2025-12-12T12:40:05.481900Z
pkt_580,1765543205481.9001,1765543205537.6045,55.704345703125,BTC-USD,L1,2025-12-12T12:40:05.481900Z
pkt_581,1765543205481.9001,1765543205557.419,75.518798828125,BTC-USD,L2,2025-12-12T12:40:05.481900Z
pkt_582,1765543205481.9001,1765543205514.8948,32.99462890625,BTC-USD,L1,2025-12-12T12:40:05.481900Z
pkt_583,1765543205481.9001,1765543205512.6196,30.719482421875,BTC-USD,L2,2025-12-12T12:40:05.481900Z
pkt_584,1765543205481.9001,1765543205508.9805,27.080322265625,BTC-USD,L1,2025-12-12T12:40:05.481900Z
pkt_585,1765543205481.9001,1765543205539.7114,57.811279296875,BTC-USD,L2,2025-12-12T12:40:05.481900Z
pkt_586,1765543205481.9001,1765543205529.7542,47.85400390625,BTC-USD,L1,2025-12-12T12:40:05.481900Z
pkt_587,1765543205481.9001,1765543205558.6472,76.7470703125,BTC-USD,L2,2025-12-12T12:40:05.481900Z
pkt_588,1765543205481.9001,1765543205545.7305,63.830322265625,BTC-USD,L1,2025-12-12T12:40:05.481900Z
pkt_589,1765543205481.9001,1765543205549.2637,67.363525390625,BTC-USD,L2,2025-12-12T12:40:05.481900Z
pkt_590,1765543205481.9001,1765543205546.909,65.0087890625,BTC-USD,L1,2025-12-12T12:40:05.481900Z
pkt_591,1765543205481.9001,1765543205503.1077,21.20751953125,BTC-USD,L2,2025-12-12T12:40:05.481900Z
pkt_592,1765543205481.9001,1765543205514.511,32.61083984375,BTC-USD,L1,2025-12-12T12:40:05.481900Z
pkt_593,1765543205481.9001,1765543205501.6309,19.730712890625,BTC-USD,L2,2025-12-12T12:40:05.481900Z
pkt_594,1765543205481.9001,1765543205559.1504,77.250244140625,BTC-USD,L1,2025-12-12T12:40:05.481900Z
pkt_595,1765543205481.9001,1765543205488.887,6.98681640625,BTC-USD,L2,2025-12-12T12:40:05.481900Z
pkt_596,1765543205481.9001,1765543205551.0344,69.13427734375,BTC-USD,L1,2025-12-12T12:40:05.481900Z
pkt_597,1765543205481.9001,1765543205495.369,13.46875,BTC-USD,L2,2025-12-12T12:40:05.481900Z
pkt_598,1765543205481.9001,1765543205516.62,34.719970703125,BTC-USD,L1,2025-12-12T12:40:05.481900Z
pkt_599,1765543205481.9001,1765543205543.8188,61.918701171875,BTC-USD,L2,2025-12-12T12:40:05.481900Z
pkt_600,1765543205481.9001,1765543205541.3394,59.439208984375,BTC-USD,L1,2025-12-12T12:40:05.481900Z
pkt_601,1765543205481.9001,1765543205527.7368,45.836669921875,BTC-USD,L2,2025-12-12T12:40:05.481900Z
pkt_602,1765543205481.9001,1765543205499.1853,17.28515625,BTC-USD,L1,2025-12-12T12:40:05.481900Z
pkt_603,1765543205481.9001,1765543205502.1033,20.203125,BTC-USD,L2,2025-12-12T12:40:05.481900Z
pkt_604,1765543205481.9001,1765543205552.58,70.679931640625,BTC-USD,L1,2025-12-12T12:40:05.481900Z
pkt_605,1765543205481.9001,1765543205511.681,29.78076171875,BTC-USD,L2,2025-12-12T12:40:05.481900Z
pkt_606,1765543205481.9001,1765543205525.821,43.9208984375,BTC-USD,L1,2025-12-12T12:40:05.481900Z
pkt_607,1765543205481.9001,1765543205534.2324,52.332275390625,BTC-USD,L2,2025-12-12T12:40:05.481900Z
pkt_608,1765543205481.9001,1765543205529.9487,48.048583984375,BTC-USD,L1,2025-12-12T12:40:05.481900Z
pkt_609,1765543205481.9001,1765543205518.5398,36.6396484375,BTC-USD,L2,2025-12-12T12:40:05.481900Z
pkt_610,1765543205481.9001,1765543205504.5938,22.693603515625,BTC-USD,L1,2025-12-12T12:40:05.481900Z
pkt_611,1765543205481.9001,1765543205531.0837,49.18359375,BTC-USD,L2,2025-12-12T12:40:05.481900Z
pkt_612,1765543205481.9001,1765543205552.3787,70.478515625,BTC-USD,L1,2025-12-12T12:40:05.481900Z
pkt_613,1765543205481.9001,1765543205539.7715,57.871337890625,BTC-USD,L2,2025-12-12T12:40:05.481900Z
pkt_614,1765543205482.8997,1765543205539.7742,56.87451171875,BTC-USD,L1,2025-12-12T12:40:05.482899Z
pkt_615,1765543205482.8997,1765543205562.6177,79.718017578125,BTC-USD,L2,2025-12-12T12:40:05.482899Z
pkt_616,1765543205482.8997,1765543205493.901,11.001220703125,BTC-USD,L1,2025-12-12T12:40:05.482899Z
pkt_617,1765543205482.8997,1765543205502.5457,19.64599609375,BTC-USD,L2,2025-12-12T12:40:05.482899Z
pkt_618,1765543205482.8997,1765543205540.215,57.3154296875,BTC-USD,L1,2025-12-12T12:40:05.482899Z
pkt_619,1765543205482.8997,1765543205532.296,49.396240234375,BTC-USD,L2,2025-12-12T12:40:05.482899Z
pkt_620,1765543205482.8997,1765543205512.8357,29.93603515625,BTC-USD,L1,2025-12-12T12:40:05.482899Z
pkt_621,1765543205482.8997,1765543205497.3442,14.444580078125,BTC-USD,L2,2025-12-12T12:40:05.482899Z
pkt_622,1765543205482.8997,1765543205509.4458,26.546142578125,BTC-USD,L1,2025-12-12T12:40:05.482899Z
pkt_623,1765543205482.8997,1765543205537.1782,54.278564453125,BTC-USD,L2,2025-12-12T12:40:05.482899Z
pkt_624,1765543205482.8997,1765543205493.6775,10.77783203125,BTC-USD,L1,2025-12-12T12:40:05.482899Z
pkt_625,1765543205482.8997,1765543205554.1611,71.261474609375,BTC-USD,L2,2025-12-12T12:40:05.482899Z
pkt_626,1765543205482.8997,1765543205556.599,73.699462890625,BTC-USD,L1,2025-12-12T12:40:05.482899Z
pkt_627,1765543205482.8997,1765543205497.4526,14.552978515625,BTC-USD,L2,2025-12-12T12:40:05.482899Z
pkt_628,1765543205482.8997,1765543205499.9307,17.031005859375,BTC-USD,L1,2025-12-12T12:40:05.482899Z
pkt_629,1765543205482.8997,1765543205530.5337,47.634033203125,BTC-USD,L2,2025-12-12T12:40:05.482899Z
pkt_630,1765543205482.8997,1765543205536.11,53.21044921875,BTC-USD,L1,2025-12-12T12:40:05.482899Z
pkt_631,1765543205482.8997,1765543205517.6807,34.781005859375,BTC-USD,L2,2025-12-12T12:40:05.482899Z
pkt_632,1765543205482.8997,1765543205535.1218,52.22216796875,BTC-USD,L1,2025-12-12T12:40:05.482899Z
pkt_633,1765543205482.8997,1765543205544.759,61.859375,BTC-USD,L2,2025-12-12T12:40:05.482899Z
pkt_634,1765543205482.8997,1765543205553.7612,70.861572265625,BTC-USD,L1,2025-12-12T12:40:05.482899Z
pkt_635,1765543205482.8997,1765543205504.0854,21.185791015625,BTC-USD,L2,2025-12-12T12:40:05.482899Z
pkt_636,1765543205482.8997,1765543205546.6824,63.78271484375,BTC-USD,L1,2025-12-12T12:40:05.482899Z
pkt_637,1765543205482.8997,1765543205558.0618,75.162109375,BTC-USD,L2,2025-12-12T12:40:05.482899Z
pkt_638,1765543205482.8997,1765543205497.7502,14.8505859375,BTC-USD,L1,2025-12-12T12:40:05.482899Z
pkt_639,1765543205482.8997,1765543205499.741,16.84130859375,BTC-USD,L2,2025-12-12T12:40:05.482899Z
pkt_640,1765543205482.8997,1765543205539.087,56.187255859375,BTC-USD,L1,2025-12-12T12:40:05.482899Z
pkt_641,1765543205482.8997,1765543205524.409,41.50927734375,BTC-USD,L2,2025-12-12T12:40:05.482899Z
pkt_642,1765543205482.8997,1765543205524.2007,41.301025390625,BTC-USD,L1,2025-12-12T12:40:05.482899Z
pkt_643,1765543205482.8997,1765543205511.003,28.103271484375,BTC-USD,L2,2025-12-12T12:40:05.482899Z
pkt_644,1765543205482.8997,1765543205534.8796,51.97998046875,BTC-USD,L1,2025-12-12T12:40:05.482899Z
pkt_645,1765543205482.8997,1765543205521.3562,38.45654296875,BTC-USD,L2,2025-12-12T12:40:05.482899Z
pkt_646,1765543205482.8997,1765543205560.5288,77.629150390625,BTC-USD,L1,2025-12-12T12:40:05.482899Z
pkt_647,1765543205482.8997,1765543205495.9824,13.082763671875,BTC-USD,L2,2025-12-12T12:40:05.482899Z
pkt_648,1765543205482.8997,1765543205536.2732,53.37353515625,BTC-USD,L1,2025-12-12T12:40:05.482899Z
pkt_649,1765543205482.8997,1765543205513.7625,30.86279296875,BTC-USD,L2,2025-12-12T12:40:05.482899Z
pkt_650,1765543205482.8997,1765543205502.0325,19.1328125,BTC-USD,L1,2025-12-12T12:40:05.482899Z
pkt_651,1765543205482.8997,1765543205531.1218,48.22216796875,BTC-USD,L2,2025-12-12T12:40:05.482899Z
pkt_652,1765543205482.8997,1765543205509.9268,27.027099609375,BTC-USD,L1,2025-12-12T12:40:05.482899Z
pkt_653,1765543205482.8997,1765543205545.6738,62.774169921875,BTC-USD,L2,2025-12-12T12:40:05.482899Z
pkt_654,1765543205482.8997,1765543205551.052,68.15234375,BTC-USD,L1,2025-12-12T12:40:05.482899Z
pkt_655,1765543205482.8997,1765543205494.9636,12.06396484375,BTC-USD,L2,2025-12-12T12:40:05.482899Z
pkt_656,1765543205482.8997,1765543205495.5674,12.667724609375,BTC-USD,L1,2025-12-12T12:40:05.482899Z
pkt_657,1765543205482.8997,1765543205498.7039,15.80419921875,BTC-USD,L2,2025-12-12T12:40:05.482899Z
pkt_658,1765543205482.8997,1765543205550.5012,67.6015625,BTC-USD,L1,2025-12-12T12:40:05.482899Z
pkt_659,1765543205482.8997,1765543205531.1467,48.2470703125,BTC-USD,L2,2025-12-12T12:40:05.482899Z
pkt_660,1765543205482.8997,1765543205551.9248,69.025146484375,BTC-USD,L1,2025-12-12T12:40:05.482899Z
pkt_661,1765543205482.8997,1765543205491.4377,8.5380859375,BTC-USD,L2,2025-12-12T12:40:05.482899Z
pkt_662,1765543205482.8997,1765543205530.7576,47.85791015625,BTC-USD,L1,2025-12-12T12:40:05.482899Z
pkt_663,1765543205482.8997,1765543205551.6318,68.732177734375,BTC-USD,L2,2025-12-12T12:40:05.482899Z
pkt_664,1765543205482.8997,1765543205508.3872,25.487548828125,BTC-USD,L1,2025-12-12T12:40:05.482899Z
pkt_665,1765543205482.8997,1765543205525.144,42.244384765625,BTC-USD,L2,2025-12-12T12:40:05.482899Z
pkt_666,1765543205482.8997,1765543205528.2952,45.3955078125,BTC-USD,L1,2025-12-12T12:40:05.482899Z
pkt_667,1765543205482.8997,1765543205516.958,34.058349609375,BTC-USD,L2,2025-12-12T12:40:05.482899Z
pkt_668,1765543205482.8997,1765543205489.3691,6.469482421875,BTC-USD,L1,2025-12-12T12:40:05.482899Z
pkt_669,1765543205482.8997,1765543205515.1638,32.26416015625,BTC-USD,L2,2025-12-12T12:40:05.482899Z
pkt_670,1765543205482.8997,1765543205543.5173,60.61767578125,BTC-USD,L1,2025-12-12T12:40:05.482899Z
pkt_671,1765543205482.8997,1765543205550.603,67.703369140625,BTC-USD,L2,2025-12-12T12:40:05.482899Z
pkt_672,1765543205482.8997,1765543205532.674,49.7744140625,BTC-USD,L1,2025-12-12T12:40:05.482899Z
pkt_673,1765543205482.8997,1765543205547.4712,64.571533203125,BTC-USD,L2,2025-12-12T12:40:05.482899Z
pkt_674,1765543205482.8997,1765543205531.0793,48.1796875,BTC-USD,L1,2025-12-12T12:40:05.482899Z
pkt_675,1765543205482.8997,1765543205509.481,26.581298828125,BTC-USD,L2,2025-12-12T12:40:05.482899Z
pkt_676,1765543205482.8997,1765543205523.7937,40.89404296875,BTC-USD,L1,2025-12-12T12:40:05.482899Z
pkt_677,1765543205482.8997,1765543205515.5293,32.629638671875,BTC-USD,L2,2025-12-12T12:40:05.482899Z
pkt_678,1765543205482.8997,1765543205535.9082,53.008544921875,BTC-USD,L1,2025-12-12T12:40:05.482899Z
pkt_679,1765543205482.8997,1765543205488.8347,5.93505859375,BTC-USD,L2,2025-12-12T12:40:05.482899Z
pkt_680,1765543205482.8997,1765543205513.4128,30.51318359375,BTC-USD,L1,2025-12-12T12:40:05.482899Z
pkt_681,1765543205482.8997,1765543205498.7593,15.859619140625,BTC-USD,L2,2025-12-12T12:40:05.482899Z
pkt_682,1765543205482.8997,1765543205530.5508,47.651123046875,BTC-USD,L1,2025-12-12T12:40:05.482899Z
pkt_683,1765543205482.8997,1765543205505.1248,22.22509765625,BTC-USD,L2,2025-12-12T12:40:05.482899Z
pkt_684,1765543205482.8997,1765543205558.4124,75.5126953125,BTC-USD,L1,2025-12-12T12:40:05.482899Z
pkt_685,1765543205483.4053,1765543205559.2263,75.821044921875,BTC-USD,L2,2025-12-12T12:40:05.483405Z
pkt_686,1765543205483.4053,1765543205547.8408,64.435546875,BTC-USD,L1,2025-12-12T12:40:05.483405Z
pkt_687,1765543205483.4053,1765543205514.3315,30.92626953125,BTC-USD,L2,2025-12-12T12:40:05.483405Z
pkt_688,1765543205483.4053,1765543205516.1836,32.7783203125,BTC-USD,L1,2025-12-12T12:40:05.483405Z
pkt_689,1765543205483.4053,1765543205562.8865,79.481201171875,BTC-USD,L2,2025-12-12T12:40:05.483405Z
pkt_690,1765543205483.4053,1765543205499.4888,16.08349609375,BTC-USD,L1,2025-12-12T12:40:05.483405Z
pkt_691,1765543205484.4116,1765543205504.8206,20.408935546875,BTC-USD,L2,2025-12-12T12:40:05.484411Z
pkt_692,1765543205484.4116,1765543205545.3752,60.963623046875,BTC-USD,L1,2025-12-12T12:40:05.484411Z
pkt_693,1765543205484.4116,1765543205515.7466,31.3349609375,BTC-USD,L2,2025-12-12T12:40:05.484411Z
pkt_694,1765543205484.4116,1765543205542.4492,58.03759765625,BTC-USD,L1,2025-12-12T12:40:05.484411Z
pkt_695,1765543205484.4116,1765543205526.682,42.270263671875,BTC-USD,L2,2025-12-12T12:40:05.484411Z
pkt_696,1765543205484.4116,1765543205529.6836,45.27197265625,BTC-USD,L1,2025-12-12T12:40:05.484411Z
pkt_697,1765543205484.4116,1765543205550.1812,65.76953125,BTC-USD,L2,2025-12-12T12:40:05.484411Z
pkt_698,1765543205484.4116,1765543205520.181,35.769287109375,BTC-USD,L1,2025-12-12T12:40:05.484411Z
pkt_699,1765543205484.4116,1765543205556.9736,72.56201171875,BTC-USD,L2,2025-12-12T12:40:05.484411Z
pkt_700,1765543205484.4116,1765543205509.6133,25.20166015625,BTC-USD,L1,2025-12-12T12:40:05.484411Z
pkt_701,1765543205484.4116,1765543205524.6782,40.2666015625,BTC-USD,L2,2025-12-12T12:40:05.484411Z
pkt_702,1765543205484.4116,1765543205542.0676,57.656005859375,BTC-USD,L1,2025-12-12T12:40:05.484411Z
pkt_703,1765543205484.4116,1765543205556.9143,72.502685546875,BTC-USD,L2,2025-12-12T12:40:05.484411Z
pkt_704,1765543205484.4116,1765543205525.2676,40.85595703125,BTC-USD,L1,2025-12-12T12:40:05.484411Z
pkt_705,1765543205484.4116,1765543205533.7478,49.336181640625,BTC-USD,L2,2025-12-12T12:40:05.484411Z
pkt_706,1765543205484.4116,1765543205553.1104,68.69873046875,BTC-USD,L1,2025-12-12T12:40:05.484411Z
pkt_707,1765543205484.4116,1765543205501.9683,17.556640625,BTC-USD,L2,2025-12-12T12:40:05.484411Z
pkt_708,1765543205484.4116,1765543205498.8022,14.390625,BTC-USD,L1,2025-12-12T12:40:05.484411Z
pkt_709,1765543205484.4116,1765543205545.3098,60.898193359375,BTC-USD,L2,2025-12-12T12:40:05.484411Z
pkt_710,1765543205484.4116,1765543205541.3457,56.93408203125,BTC-USD,L1,2025-12-12T12:40:05.484411Z
pkt_711,1765543205484.4116,1765543205561.6335,77.221923828125,BTC-USD,L2,2025-12-12T12:40:05.484411Z
pkt_712,1765543205484.4116,1765543205506.4426,22.031005859375,BTC-USD,L1,2025-12-12T12:40:05.484411Z
pkt_713,1765543205484.4116,1765543205518.8352,34.423583984375,BTC-USD,L2,2025-12-12T12:40:05.484411Z
pkt_714,1765543205484.4116,1765543205527.4136,43.001953125,BTC-USD,L1,2025-12-12T12:40:05.484411Z
pkt_715,1765543205484.4116,1765543205553.7363,69.32470703125,BTC-USD,L2,2025-12-12T12:40:05.484411Z
pkt_716,1765543205484.4116,1765543205513.1487,28.737060546875,BTC-USD,L1,2025-12-12T12:40:05.484411Z
pkt_717,1765543205484.4116,1765543205517.6235,33.2119140625,BTC-USD,L2,2025-12-12T12:40:05.484411Z
pkt_718,1765543205484.4116,1765543205519.715,35.303466796875,BTC-USD,L1,2025-12-12T12:40:05.484411Z
pkt_719,1765543205484.4116,1765543205527.0388,42.627197265625,BTC-USD,L2,2025-12-12T12:40:05.484411Z
pkt_720,1765543205484.4116,1765543205505.6296,21.218017578125,BTC-USD,L1,2025-12-12T12:40:05.484411Z
pkt_721,1765543205484.4116,1765543205509.5696,25.157958984375,BTC-USD,L2,2025-12-12T12:40:05.484411Z
pkt_722,1765543205484.4116,1765543205562.5974,78.185791015625,BTC-USD,L1,2025-12-12T12:40:05.484411Z
pkt_723,1765543205484.4116,1765543205542.4976,58.0859375,BTC-USD,L2,2025-12-12T12:40:05.484411Z
pkt_724,1765543205484.4116,1765543205558.73,74.318359375,BTC-USD,L1,2025-12-12T12:40:05.484411Z
pkt_725,1765543205484.4116,1765543205493.6401,9.228515625,BTC-USD,L2,2025-12-12T12:40:05.484411Z
pkt_726,1765543205484.4116,1765543205540.9248,56.51318359375,BTC-USD,L1,2025-12-12T12:40:05.484411Z
pkt_727,1765543205484.4116,1765543205517.2642,32.8525390625,BTC-USD,L2,2025-12-12T12:40:05.484411Z
pkt_728,1765543205484.4116,1765543205547.492,63.080322265625,BTC-USD,L1,2025-12-12T12:40:05.484411Z
pkt_729,1765543205484.4116,1765543205562.5437,78.132080078125,BTC-USD,L2,2025-12-12T12:40:05.484411Z
pkt_730,1765543205484.4116,1765543205505.9282,21.5166015625,BTC-USD,L1,2025-12-12T12:40:05.484411Z
pkt_731,1765543205484.4116,1765543205499.5146,15.10302734375,BTC-USD,L2,2025-12-12T12:40:05.484411Z
pkt_732,1765543205484.4116,1765543205500.445,16.033447265625,BTC-USD,L1,2025-12-12T12:40:05.484411Z
pkt_733,1765543205484.4116,1765543205505.469,21.057373046875,BTC-USD,L2,2025-12-12T12:40:05.484411Z
pkt_734,1765543205484.4116,1765543205502.3533,17.941650390625,BTC-USD,L1,2025-12-12T12:40:05.484411Z
pkt_735,1765543205484.4116,1765543205531.7395,47.327880859375,BTC-USD,L2,2025-12-12T12:40:05.484411Z
pkt_736,1765543205484.4116,1765543205526.217,41.805419921875,BTC-USD,L1,2025-12-12T12:40:05.484411Z
pkt_737,1765543205484.4116,1765543205548.083,63.67138671875,BTC-USD,L2,2025-12-12T12:40:05.484411Z
pkt_738,1765543205484.4116,1765543205538.806,54.394287109375,BTC-USD,L1,2025-12-12T12:40:05.484411Z
pkt_739,1765543205484.4116,1765543205517.0159,32.604248046875,BTC-USD,L2,2025-12-12T12:40:05.484411Z
pkt_740,1765543205484.4116,1765543205533.526,49.1142578125,BTC-USD,L1,2025-12-12T12:40:05.484411Z
pkt_741,1765543205484.4116,1765543205512.769,28.357421875,BTC-USD,L2,2025-12-12T12:40:05.484411Z
pkt_742,1765543205484.4116,1765543205502.0427,17.631103515625,BTC-USD,L1,2025-12-12T12:40:05.484411Z
pkt_743,1765543205484.4116,1765543205509.865,25.453369140625,BTC-USD,L2,2025-12-12T12:40:05.484411Z
pkt_744,1765543205484.4116,1765543205519.4282,35.0166015625,BTC-USD,L1,2025-12-12T12:40:05.484411Z
pkt_745,1765543205484.4116,1765543205543.9116,59.5,BTC-USD,L2,2025-12-12T12:40:05.485916Z
pkt_746,1765543205485.9163,1765543205517.9558,32.03955078125,BTC-USD,L1,2025-12-12T12:40:05.485916Z
pkt_747,1765543205485.9163,1765543205562.1614,76.2451171875,BTC-USD,L2,2025-12-12T12:40:05.485916Z
pkt_748,1765543205485.9163,1765543205553.0825,67.166259765625,BTC-USD,L1,2025-12-12T12:40:05.485916Z
pkt_749,1765543205486.4321,1765543205566.304,79.871826171875,BTC-USD,L2,2025-12-12T12:40:05.486432Z
pkt_750,1765543205486.4321,1765543205555.7952,69.363037109375,BTC-USD,L1,2025-12-12T12:40:05.486432Z
pkt_751,1765543205486.4321,1765543205510.0198,23.587646484375,BTC-USD,L2,2025-12-12T12:40:05.486432Z
pkt_752,1765543205486.4321,1765543205520.0093,33.5771484375,BTC-USD,L1,2025-12-12T12:40:05.486432Z
pkt_753,1765543205486.4321,1765543205564.394,77.9619140625,BTC-USD,L2,2025-12-12T12:40:05.486432Z
pkt_754,1765543205486.4321,1765543205522.0308,35.5986328125,BTC-USD,L1,2025-12-12T12:40:05.486432Z
pkt_755,1765543205486.4321,1765543205529.2502,42.818115234375,BTC-USD,L2,2025-12-12T12:40:05.486432Z
pkt_756,1765543205486.4321,1765543205537.0486,50.616455078125,BTC-USD,L1,2025-12-12T12:40:05.486432Z
pkt_757,1765543205486.4321,1765543205554.6165,68.184326171875,BTC-USD,L2,2025-12-12T12:40:05.486432Z
pkt_758,1765543205486.4321,1765543205526.3784,39.9462890625,BTC-USD,L1,2025-12-12T12:40:05.486432Z
pkt_759,1765543205486.4321,1765543205517.4912,31.05908203125,BTC-USD,L2,2025-12-12T12:40:05.486432Z
pkt_760,1765543205486.4321,1765543205510.2048,23.772705078125,BTC-USD,L1,2025-12-12T12:40:05.486432Z
pkt_761,1765543205486.4321,1765543205533.1833,46.751220703125,BTC-USD,L2,2025-12-12T12:40:05.486432Z
pkt_762,1765543205486.4321,1765543205536.0815,49.6494140625,BTC-USD,L1,2025-12-12T12:40:05.486432Z
pkt_763,1765543205486.4321,1765543205505.677,19.244873046875,BTC-USD,L2,2025-12-12T12:40:05.486432Z
pkt_764,1765543205486.4321,1765543205507.0505,20.618408203125,BTC-USD,L1,2025-12-12T12:40:05.486432Z
pkt_765,1765543205486.4321,1765543205548.1584,61.726318359375,BTC-USD,L2,2025-12-12T12:40:05.486432Z
pkt_766,1765543205486.4321,1765543205520.0012,33.569091796875,BTC-USD,L1,2025-12-12T12:40:05.486432Z
pkt_767,1765543205486.4321,1765543205511.4475,25.015380859375,BTC-USD,L2,2025-12-12T12:40:05.486432Z
pkt_768,1765543205486.4321,1765543205512.425,25.992919921875,BTC-USD,L1,2025-12-12T12:40:05.486432Z
pkt_769,1765543205486.4321,1765543205516.8037,30.37158203125,BTC-USD,L2,2025-12-12T12:40:05.486432Z
pkt_770,1765543205486.4321,1765543205504.7898,18.357666015625,BTC-USD,L1,2025-12-12T12:40:05.486432Z
pkt_771,1765543205486.4321,1765543205526.985,40.552978515625,BTC-USD,L2,2025-12-12T12:40:05.486432Z
pkt_772,1765543205486.4321,1765543205563.9429,77.5107421875,BTC-USD,L1,2025-12-12T12:40:05.486432Z
pkt_773,1765543205486.4321,1765543205532.659,46.226806640625,BTC-USD,L2,2025-12-12T12:40:05.486432Z
pkt_774,1765543205486.4321,1765543205500.4937,14.0615234375,BTC-USD,L1,2025-12-12T12:40:05.486432Z
pkt_775,1765543205486.4321,1765543205520.1052,33.673095703125,BTC-USD,L2,2025-12-12T12:40:05.486432Z
pkt_776,1765543205486.4321,1765543205526.9563,40.524169921875,BTC-USD,L1,2025-12-12T12:40:05.486432Z
pkt_777,1765543205486.4321,1765543205497.9487,11.5166015625,BTC-USD,L2,2025-12-12T12:40:05.486432Z
pkt_778,1765543205486.4321,1765543205546.8218,60.3896484375,BTC-USD,L1,2025-12-12T12:40:05.486432Z
pkt_779,1765543205486.4321,1765543205538.4585,52.0263671875,BTC-USD,L2,2025-12-12T12:40:05.486432Z
pkt_780,1765543205486.4321,1765543205548.0183,61.586181640625,BTC-USD,L1,2025-12-12T12:40:05.486432Z
pkt_781,1765543205486.4321,1765543205524.708,38.27587890625,BTC-USD,L2,2025-12-12T12:40:05.486432Z
pkt_782,1765543205486.4321,1765543205530.067,43.634765625,BTC-USD,L1,2025-12-12T12:40:05.486432Z
pkt_783,1765543205486.4321,1765543205555.679,69.246826171875,BTC-USD,L2,2025-12-12T12:40:05.486432Z
pkt_784,1765543205486.4321,1765543205517.8508,31.418701171875,BTC-USD,L1,2025-12-12T12:40:05.486432Z
pkt_785,1765543205486.4321,1765543205494.8015,8.369384765625,BTC-USD,L2,2025-12-12T12:40:05.486432Z
pkt_786,1765543205486.4321,1765543205521.8413,35.4091796875,BTC-USD,L1,2025-12-12T12:40:05.486432Z
pkt_787,1765543205486.4321,1765543205515.2532,28.821044921875,BTC-USD,L2,2025-12-12T12:40:05.486432Z
pkt_788,1765543205486.4321,1765543205492.783,6.350830078125,BTC-USD,L1,2025-12-12T12:40:05.486432Z
pkt_789,1765543205486.4321,1765543205492.0981,5.666015625,BTC-USD,L2,2025-12-12T12:40:05.486432Z
pkt_790,1765543205486.4321,1765543205536.3435,49.911376953125,BTC-USD,L1,2025-12-12T12:40:05.486432Z
pkt_791,1765543205486.4321,1765543205507.4788,21.046630859375,BTC-USD,L2,2025-12-12T12:40:05.486432Z
pkt_792,1765543205487.438,1765543205531.367,43.928955078125,BTC-USD,L1,2025-12-12T12:40:05.487438Z
pkt_793,1765543205487.438,1765543205508.366,20.927978515625,BTC-USD,L2,2025-12-12T12:40:05.487438Z
pkt_794,1765543205487.438,1765543205495.262,7.823974609375,BTC-USD,L1,2025-12-12T12:40:05.487438Z
pkt_795,1765543205487.438,1765543205565.5264,78.08837890625,BTC-USD,L2,2025-12-12T12:40:05.487438Z
pkt_796,1765543205487.438,1765543205512.4724,25.034423828125,BTC-USD,L1,2025-12-12T12:40:05.487438Z
pkt_797,1765543205487.438,1765543205565.5144,78.076416015625,BTC-USD,L2,2025-12-12T12:40:05.487438Z
pkt_798,1765543205487.438,1765543205549.2551,61.817138671875,BTC-USD,L1,2025-12-12T12:40:05.487438Z
pkt_799,1765543205487.438,1765543205496.4075,8.969482421875,BTC-USD,L2,2025-12-12T12:40:05.487438Z
pkt_800,1765543205487.438,1765543205560.2761,72.838134765625,BTC-USD,L1,2025-12-12T12:40:05.487438Z
pkt_801,1765543205487.438,1765543205524.1428,36.704833984375,BTC-USD,L2,2025-12-12T12:40:05.487438Z
pkt_802,1765543205487.438,1765543205535.3792,47.941162109375,BTC-USD,L1,2025-12-12T12:40:05.487438Z
pkt_803,1765543205487.438,1765543205497.4958,10.057861328125,BTC-USD,L2,2025-12-12T12:40:05.487438Z
pkt_804,1765543205487.438,1765543205539.755,52.31689453125,BTC-USD,L1,2025-12-12T12:40:05.487438Z
pkt_805,1765543205487.438,1765543205557.2988,69.86083984375,BTC-USD,L2,2025-12-12T12:40:05.487438Z
pkt_806,1765543205487.438,1765543205547.5393,60.101318359375,BTC-USD,L1,2025-12-12T12:40:05.487438Z
pkt_807,1765543205487.438,1765543205513.4019,25.9638671875,BTC-USD,L2,2025-12-12T12:40:05.487438Z
pkt_808,1765543205487.438,1765543205524.9646,37.526611328125,BTC-USD,L1,2025-12-12T12:40:05.487438Z
pkt_809,1765543205487.438,1765543205561.0027,73.564697265625,BTC-USD,L2,2025-12-12T12:40:05.487438Z
pkt_810,1765543205487.438,1765543205564.2583,76.8203125,BTC-USD,L1,2025-12-12T12:40:05.487438Z
pkt_811,1765543205487.438,1765543205496.1836,8.74560546875,BTC-USD,L2,2025-12-12T12:40:05.487438Z
pkt_812,1765543205487.438,1765543205533.0994,45.661376953125,BTC-USD,L1,2025-12-12T12:40:05.487438Z
pkt_813,1765543205487.438,1765543205495.0042,7.566162109375,BTC-USD,L2,2025-12-12T12:40:05.487438Z
pkt_814,1765543205487.438,1765543205498.6982,11.26025390625,BTC-USD,L1,2025-12-12T12:40:05.487438Z
pkt_815,1765543205487.438,1765543205536.134,48.696044921875,BTC-USD,L2,2025-12-12T12:40:05.487438Z
pkt_816,1765543205487.438,1765543205556.1685,68.73046875,BTC-USD,L1,2025-12-12T12:40:05.487438Z
pkt_817,1765543205487.438,1765543205565.4326,77.99462890625,BTC-USD,L2,2025-12-12T12:40:05.487438Z
pkt_818,1765543205487.438,1765543205544.4333,56.995361328125,BTC-USD,L1,2025-12-12T12:40:05.487438Z
pkt_819,1765543205487.438,1765543205521.285,33.846923828125,BTC-USD,L2,2025-12-12T12:40:05.487438Z
pkt_820,1765543205487.438,1765543205518.1995,30.761474609375,BTC-USD,L1,2025-12-12T12:40:05.487438Z
pkt_821,1765543205487.438,1765543205492.9683,5.5302734375,BTC-USD,L2,2025-12-12T12:40:05.487438Z
pkt_822,1765543205487.438,1765543205517.0442,29.606201171875,BTC-USD,L1,2025-12-12T12:40:05.487438Z
pkt_823,1765543205487.438,1765543205549.776,62.337890625,BTC-USD,L2,2025-12-12T12:40:05.487438Z
pkt_824,1765543205487.438,1765543205561.4543,74.016357421875,BTC-USD,L1,2025-12-12T12:40:05.487438Z
pkt_825,1765543205487.438,1765543205559.4768,72.038818359375,BTC-USD,L2,2025-12-12T12:40:05.487438Z
pkt_826,1765543205487.438,1765543205559.9912,72.55322265625,BTC-USD,L1,2025-12-12T12:40:05.487438Z
pkt_827,1765543205487.438,1765543205513.8662,26.42822265625,BTC-USD,L2,2025-12-12T12:40:05.487438Z
pkt_828,1765543205487.438,1765543205522.3657,34.927734375,BTC-USD,L1,2025-12-12T12:40:05.487438Z
pkt_829,1765543205487.438,1765543205521.7659,34.327880859375,BTC-USD,L2,2025-12-12T12:40:05.487438Z
pkt_830,1765543205487.438,1765543205548.2954,60.857421875,BTC-USD,L1,2025-12-12T12:40:05.487438Z
pkt_831,1765543205487.438,1765543205510.4634,23.025390625,BTC-USD,L2,2025-12-12T12:40:05.487438Z
pkt_832,1765543205487.438,1765543205549.5818,62.143798828125,BTC-USD,L1,2025-12-12T12:40:05.487438Z
pkt_833,1765543205487.438,1765543205520.3672,32.92919921875,BTC-USD,L2,2025-12-12T12:40:05.487438Z
pkt_834,1765543205487.438,1765543205548.682,61.243896484375,BTC-USD,L1,2025-12-12T12:40:05.487438Z
pkt_835,1765543205487.438,1765543205530.8208,43.3828125,BTC-USD,L2,2025-12-12T12:40:05.487438Z
pkt_836,1765543205487.438,1765543205545.828,58.389892578125,BTC-USD,L1,2025-12-12T12:40:05.487438Z
pkt_837,1765543205487.438,1765543205559.7095,72.271484375,BTC-USD,L2,2025-12-12T12:40:05.487438Z
pkt_838,1765543205487.438,1765543205500.2715,12.83349609375,BTC-USD,L1,2025-12-12T12:40:05.487438Z
pkt_839,1765543205487.438,1765543205550.0215,62.58349609375,BTC-USD,L2,2025-12-12T12:40:05.487438Z
pkt_840,1765543205487.438,1765543205543.1326,55.694580078125,BTC-USD,L1,2025-12-12T12:40:05.487438Z
pkt_841,1765543205487.438,1765543205532.3303,44.892333984375,BTC-USD,L2,2025-12-12T12:40:05.487438Z
pkt_842,1765543205487.438,1765543205551.0933,63.6552734375,BTC-USD,L1,2025-12-12T12:40:05.487438Z
pkt_843,1765543205487.438,1765543205509.11,21.672119140625,BTC-USD,L2,2025-12-12T12:40:05.487438Z
pkt_844,1765543205487.438,1765543205502.2837,14.845703125,BTC-USD,L1,2025-12-12T12:40:05.487438Z
pkt_845,1765543205487.438,1765543205512.7332,25.295166015625,BTC-USD,L2,2025-12-12T12:40:05.487438Z
pkt_846,1765543205487.438,1765543205551.5227,64.084716796875,BTC-USD,L1,2025-12-12T12:40:05.487438Z
pkt_847,1765543205487.438,1765543205521.5579,34.119873046875,BTC-USD,L2,2025-12-12T12:40:05.487438Z
pkt_848,1765543205487.438,1765543205551.059,63.62109375,BTC-USD,L1,2025-12-12T12:40:05.487438Z
pkt_849,1765543205487.438,1765543205558.573,71.135009765625,BTC-USD,L2,2025-12-12T12:40:05.487438Z
pkt_850,1765543205487.438,1765543205501.7268,14.288818359375,BTC-USD,L1,2025-12-12T12:40:05.487438Z
pkt_851,1765543205487.438,1765543205512.121,24.68310546875,BTC-USD,L2,2025-12-12T12:40:05.487438Z
pkt_852,1765543205487.438,1765543205548.5168,61.078857421875,BTC-USD,L1,2025-12-12T12:40:05.487438Z
pkt_853,1765543205487.438,1765543205520.5354,33.097412109375,BTC-USD,L2,2025-12-12T12:40:05.487438Z
pkt_854,1765543205487.438,1765543205550.9092,63.47119140625,BTC-USD,L1,2025-12-12T12:40:05.487438Z
pkt_855,1765543205487.438,1765543205559.6028,72.164794921875,BTC-USD,L2,2025-12-12T12:40:05.487438Z
pkt_856,1765543205487.438,1765543205526.6946,39.256591796875,BTC-USD,L1,2025-12-12T12:40:05.487438Z
pkt_857,1765543205487.438,1765543205556.6758,69.23779296875,BTC-USD,L2,2025-12-12T12:40:05.487438Z
pkt_858,1765543205487.438,1765543205549.4304,61.992431640625,BTC-USD,L1,2025-12-12T12:40:05.487438Z
pkt_859,1765543205487.438,1765543205547.0579,59.619873046875,BTC-USD,L2,2025-12-12T12:40:05.487438Z
pkt_860,1765543205487.438,1765543205509.6426,22.20458984375,BTC-USD,L1,2025-12-12T12:40:05.487438Z
pkt_861,1765543205487.438,1765543205501.5586,14.12060546875,BTC-USD,L2,2025-12-12T12:40:05.487438Z
pkt_862,1765543205487.438,1765543205555.2036,67.765625,BTC-USD,L1,2025-12-12T12:40:05.487438Z
pkt_863,1765543205487.438,1765543205545.9097,58.4716796875,BTC-USD,L2,2025-12-12T12:40:05.487438Z
pkt_864,1765543205487.438,1765543205545.2898,57.851806640625,BTC-USD,L1,2025-12-12T12:40:05.487438Z
pkt_865,1765543205487.438,1765543205567.211,79.77294921875,BTC-USD,L2,2025-12-12T12:40:05.487438Z
pkt_866,1765543205488.4385,1765543205496.5615,8.123046875,BTC-USD,L1,2025-12-12T12:40:05.488438Z
pkt_867,1765543205488.4385,1765543205544.898,56.45947265625,BTC-USD,L2,2025-12-12T12:40:05.488438Z
pkt_868,1765543205488.4385,1765543205518.7778,30.33935546875,BTC-USD,L1,2025-12-12T12:40:05.488438Z
pkt_869,1765543205488.4385,1765543205562.1868,73.748291015625,BTC-USD,L2,2025-12-12T12:40:05.488438Z
pkt_870,1765543205488.4385,1765543205511.1257,22.687255859375,BTC-USD,L1,2025-12-12T12:40:05.488438Z
pkt_871,1765543205488.4385,1765543205526.8518,38.413330078125,BTC-USD,L2,2025-12-12T12:40:05.488438Z
pkt_872,1765543205488.4385,1765543205504.3137,15.875244140625,BTC-USD,L1,2025-12-12T12:40:05.488438Z
pkt_873,1765543205488.4385,1765543205547.6545,59.216064453125,BTC-USD,L2,2025-12-12T12:40:05.488438Z
pkt_874,1765543205488.4385,1765543205506.9202,18.481689453125,BTC-USD,L1,2025-12-12T12:40:05.488438Z
pkt_875,1765543205488.4385,1765543205525.398,36.95947265625,BTC-USD,L2,2025-12-12T12:40:05.488438Z
pkt_876,1765543205488.4385,1765543205534.4634,46.02490234375,BTC-USD,L1,2025-12-12T12:40:05.488438Z
pkt_877,1765543205488.4385,1765543205554.085,65.646484375,BTC-USD,L2,2025-12-12T12:40:05.488438Z
pkt_878,1765543205488.4385,1765543205533.672,45.233642578125,BTC-USD,L1,2025-12-12T12:40:05.488438Z
pkt_879,1765543205488.4385,1765543205548.4885,60.050048828125,BTC-USD,L2,2025-12-12T12:40:05.488438Z
pkt_880,1765543205488.4385,1765543205508.7217,20.283203125,BTC-USD,L1,2025-12-12T12:40:05.488438Z
pkt_881,1765543205488.4385,1765543205505.5063,17.06787109375,BTC-USD,L2,2025-12-12T12:40:05.488438Z
pkt_882,1765543205488.4385,1765543205515.3123,26.873779296875,BTC-USD,L1,2025-12-12T12:40:05.488438Z
pkt_883,1765543205488.4385,1765543205515.8591,27.420654296875,BTC-USD,L2,2025-12-12T12:40:05.488438Z
pkt_884,1765543205488.4385,1765543205555.8938,67.455322265625,BTC-USD,L1,2025-12-12T12:40:05.488438Z
pkt_885,1765543205488.4385,1765543205513.9841,25.545654296875,BTC-USD,L2,2025-12-12T12:40:05.488438Z
pkt_886,1765543205488.4385,1765543205500.7268,12.288330078125,BTC-USD,L1,2025-12-12T12:40:05.488438Z
pkt_887,1765543205488.4385,1765543205558.302,69.863525390625,BTC-USD,L2,2025-12-12T12:40:05.488438Z
pkt_888,1765543205488.4385,1765543205547.7202,59.28173828125,BTC-USD,L1,2025-12-12T12:40:05.488438Z
pkt_889,1765543205488.4385,1765543205503.9224,15.48388671875,BTC-USD,L2,2025-12-12T12:40:05.488438Z
pkt_890,1765543205488.4385,1765543205510.8691,22.4306640625,BTC-USD,L1,2025-12-12T12:40:05.488438Z
pkt_891,1765543205488.4385,1765543205543.313,54.87451171875,BTC-USD,L2,2025-12-12T12:40:05.488438Z
pkt_892,1765543205488.4385,1765543205568.1982,79.759765625,BTC-USD,L1,2025-12-12T12:40:05.488438Z
pkt_893,1765543205488.4385,1765543205510.2998,21.861328125,BTC-USD,L2,2025-12-12T12:40:05.488438Z
pkt_894,1765543205488.4385,1765543205549.201,60.762451171875,BTC-USD,L1,2025-12-12T12:40:05.488438Z
pkt_895,1765543205488.4385,1765543205540.202,51.763427734375,BTC-USD,L2,2025-12-12T12:40:05.488438Z
pkt_896,1765543205488.4385,1765543205528.2144,39.77587890625,BTC-USD,L1,2025-12-12T12:40:05.488438Z
pkt_897,1765543205488.4385,1765543205512.325,23.886474609375,BTC-USD,L2,2025-12-12T12:40:05.488438Z
pkt_898,1765543205488.4385,1765543205551.7178,63.279296875,BTC-USD,L1,2025-12-12T12:40:05.488438Z
pkt_899,1765543205488.4385,1765543205565.044,76.60546875,BTC-USD,L2,2025-12-12T12:40:05.488438Z
pkt_900,1765543205488.4385,1765543205544.2458,55.807373046875,BTC-USD,L1,2025-12-12T12:40:05.488438Z
pkt_901,1765543205488.4385,1765543205560.7153,72.27685546875,BTC-USD,L2,2025-12-12T12:40:05.488438Z
pkt_902,1765543205488.4385,1765543205503.987,15.548583984375,BTC-USD,L1,2025-12-12T12:40:05.488438Z
pkt_903,1765543205488.4385,1765543205527.8486,39.41015625,BTC-USD,L2,2025-12-12T12:40:05.488438Z
pkt_904,1765543205488.4385,1765543205498.5098,10.0712890625,BTC-USD,L1,2025-12-12T12:40:05.488438Z
pkt_905,1765543205488.4385,1765543205509.0176,20.5791015625,BTC-USD,L2,2025-12-12T12:40:05.488438Z
pkt_906,1765543205488.4385,1765543205529.8442,41.40576171875,BTC-USD,L1,2025-12-12T12:40:05.488438Z
pkt_907,1765543205488.4385,1765543205504.5518,16.11328125,BTC-USD,L2,2025-12-12T12:40:05.488438Z
pkt_908,1765543205488.4385,1765543205563.5547,75.1162109375,BTC-USD,L1,2025-12-12T12:40:05.488438Z
pkt_909,1765543205488.4385,1765543205541.8992,53.460693359375,BTC-USD,L2,2025-12-12T12:40:05.488438Z
pkt_910,1765543205488.4385,1765543205512.2224,23.783935546875,BTC-USD,L1,2025-12-12T12:40:05.488438Z
pkt_911,1765543205488.4385,1765543205553.6887,65.250244140625,BTC-USD,L2,2025-12-12T12:40:05.488438Z
pkt_912,1765543205488.4385,1765543205564.739,76.300537109375,BTC-USD,L1,2025-12-12T12:40:05.488438Z
pkt_913,1765543205488.4385,1765543205510.3538,21.915283203125,BTC-USD,L2,2025-12-12T12:40:05.488438Z
pkt_914,1765543205488.4385,1765543205546.418,57.9794921875,BTC-USD,L1,2025-12-12T12:40:05.488438Z
pkt_915,1765543205488.4385,1765543205507.8406,19.402099609375,BTC-USD,L2,2025-12-12T12:40:05.488438Z
pkt_916,1765543205488.4385,1765543205504.247,15.80859375,BTC-USD,L1,2025-12-12T12:40:05.488438Z
pkt_917,1765543205488.4385,1765543205516.931,28.492431640625,BTC-USD,L2,2025-12-12T12:40:05.488438Z
pkt_918,1765543205488.4385,1765543205551.078,62.639404296875,BTC-USD,L1,2025-12-12T12:40:05.488438Z
pkt_919,1765543205488.4385,1765543205500.824,12.385498046875,BTC-USD,L2,2025-12-12T12:40:05.488438Z
pkt_920,1765543205488.4385,1765543205555.249,66.810546875,BTC-USD,L1,2025-12-12T12:40:05.488438Z
pkt_921,1765543205488.4385,1765543205555.9287,67.490234375,BTC-USD,L2,2025-12-12T12:40:05.488438Z
pkt_922,1765543205488.4385,1765543205536.9314,48.492919921875,BTC-USD,L1,2025-12-12T12:40:05.488438Z
pkt_923,1765543205488.4385,1765543205496.1477,7.709228515625,BTC-USD,L2,2025-12-12T12:40:05.488438Z
pkt_924,1765543205488.4385,1765543205561.5547,73.1162109375,BTC-USD,L1,2025-12-12T12:40:05.488438Z
pkt_925,1765543205488.4385,1765543205554.6316,66.193115234375,BTC-USD,L2,2025-12-12T12:40:05.488438Z
pkt_926,1765543205488.4385,1765543205541.0227,52.584228515625,BTC-USD,L1,2025-12-12T12:40:05.488438Z
pkt_927,1765543205488.4385,1765543205535.0422,46.603759765625,BTC-USD,L2,2025-12-12T12:40:05.488438Z
pkt_928,1765543205488.4385,1765543205560.3694,71.930908203125,BTC-USD,L1,2025-12-12T12:40:05.488438Z
pkt_929,1765543205488.4385,1765543205521.5933,33.15478515625,BTC-USD,L2,2025-12-12T12:40:05.488438Z
pkt_930,1765543205488.4385,1765543205535.5994,47.160888671875,BTC-USD,L1,2025-12-12T12:40:05.488438Z
pkt_931,1765543205488.4385,1765543205554.202,65.763427734375,BTC-USD,L2,2025-12-12T12:40:05.488438Z
pkt_932,1765543205488.4385,1765543205508.4204,19.98193359375,BTC-USD,L1,2025-12-12T12:40:05.488438Z
pkt_933,1765543205488.4385,1765543205559.1514,70.712890625,BTC-USD,L2,2025-12-12T12:40:05.488438Z
pkt_934,1765543205488.4385,1765543205549.6094,61.1708984375,BTC-USD,L1,2025-12-12T12:40:05.488438Z
pkt_935,1765543205488.4385,1765543205536.9194,48.48095703125,BTC-USD,L2,2025-12-12T12:40:05.488438Z
pkt_936,1765543205488.4385,1765543205520.9324,32.493896484375,BTC-USD,L1,2025-12-12T12:40:05.488438Z
pkt_937,1765543205488.4385,1765543205516.3342,27.895751953125,BTC-USD,L2,2025-12-12T12:40:05.488438Z
pkt_938,1765543205488.4385,1765543205540.6375,52.198974609375,BTC-USD,L1,2025-12-12T12:40:05.488438Z
pkt_939,1765543205488.4385,1765543205538.432,49.993408203125,BTC-USD,L2,2025-12-12T12:40:05.488438Z
pkt_940,1765543205488.4385,1765543205498.5798,10.141357421875,BTC-USD,L1,2025-12-12T12:40:05.488438Z
pkt_941,1765543205488.4385,1765543205510.9158,22.477294921875,BTC-USD,L2,2025-12-12T12:40:05.488438Z
pkt_942,1765543205488.4385,1765543205518.0005,29.56201171875,BTC-USD,L1,2025-12-12T12:40:05.488438Z
pkt_943,1765543205488.4385,1765543205521.173,32.734619140625,BTC-USD,L2,2025-12-12T12:40:05.488438Z
pkt_944,1765543205488.4385,1765543205544.6455,56.20703125,BTC-USD,L1,2025-12-12T12:40:05.488438Z
pkt_945,1765543205488.4385,1765543205512.6472,24.208740234375,BTC-USD,L2,2025-12-12T12:40:05.488438Z
pkt_946,1765543205488.4385,1765543205510.145,21.70654296875,BTC-USD,L1,2025-12-12T12:40:05.488438Z
pkt_947,1765543205488.4385,1765543205530.2178,41.779296875,BTC-USD,L2,2025-12-12T12:40:05.488438Z
pkt_948,1765543205488.4385,1765543205501.6836,13.2451171875,BTC-USD,L1,2025-12-12T12:40:05.488438Z
pkt_949,1765543205488.4385,1765543205495.3574,6.9189453125,BTC-USD,L2,2025-12-12T12:40:05.488438Z
pkt_950,1765543205488.4385,1765543205547.5007,59.062255859375,BTC-USD,L1,2025-12-12T12:40:05.488438Z
pkt_951,1765543205488.4385,1765543205555.6938,67.25537109375,BTC-USD,L2,2025-12-12T12:40:05.488438Z
pkt_952,1765543205488.4385,1765543205566.2937,77.855224609375,BTC-USD,L1,2025-12-12T12:40:05.488438Z
pkt_953,1765543205488.4385,1765543205543.7515,55.31298828125,BTC-USD,L2,2025-12-12T12:40:05.488438Z
pkt_954,1765543205488.4385,1765543205509.5444,21.10595703125,BTC-USD,L1,2025-12-12T12:40:05.488438Z
pkt_955,1765543205488.4385,1765543205543.6204,55.181884765625,BTC-USD,L2,2025-12-12T12:40:05.488438Z
pkt_956,1765543205488.4385,1765543205494.0637,5.625244140625,BTC-USD,L1,2025-12-12T12:40:05.488438Z
pkt_957,1765543205488.4385,1765543205525.8938,37.455322265625,BTC-USD,L2,2025-12-12T12:40:05.488438Z
pkt_958,1765543205488.4385,1765543205496.6829,8.244384765625,BTC-USD,L1,2025-12-12T12:40:05.488438Z
pkt_959,1765543205488.4385,1765543205557.9558,69.517333984375,BTC-USD,L2,2025-12-12T12:40:05.488438Z
pkt_960,1765543205488.4385,1765543205548.0083,59.56982421875,BTC-USD,L1,2025-12-12T12:40:05.488438Z
pkt_961,1765543205488.4385,1765543205559.9358,71.497314453125,BTC-USD,L2,2025-12-12T12:40:05.488438Z
pkt_962,1765543205488.4385,1765543205512.3943,23.955810546875,BTC-USD,L1,2025-12-12T12:40:05.488438Z
pkt_963,1765543205488.4385,1765543205539.9065,51.468017578125,BTC-USD,L2,2025-12-12T12:40:05.488438Z
pkt_964,1765543205488.4385,1765543205537.2065,48.76806640625,BTC-USD,L1,2025-12-12T12:40:05.488438Z
pkt_965,1765543205488.4385,1765543205545.877,57.4384765625,BTC-USD,L2,2025-12-12T12:40:05.488438Z
pkt_966,1765543205488.4385,1765543205551.437,62.99853515625,BTC-USD,L1,2025-12-12T12:40:05.488438Z
pkt_967,1765543205488.4385,1765543205558.9275,70.489013671875,BTC-USD,L2,2025-12-12T12:40:05.488438Z
pkt_968,1765543205488.4385,1765543205543.2693,54.830810546875,BTC-USD,L1,2025-12-12T12:40:05.488438Z
pkt_969,1765543205488.4385,1765543205566.4373,77.998779296875,BTC-USD,L2,2025-12-12T12:40:05.488438Z
pkt_970,1765543205488.4385,1765543205495.068,6.629638671875,BTC-USD,L1,2025-12-12T12:40:05.488438Z
pkt_971,1765543205488.4385,1765543205523.6777,35.2392578125,BTC-USD,L2,2025-12-12T12:40:05.488438Z
pkt_972,1765543205488.4385,1765543205545.1326,56.694091796875,BTC-USD,L1,2025-12-12T12:40:05.488438Z
pkt_973,1765543205488.4385,1765543205533.103,44.66455078125,BTC-USD,L2,2025-12-12T12:40:05.488438Z
pkt_974,1765543205488.4385,1765543205540.7466,52.30810546875,BTC-USD,L1,2025-12-12T12:40:05.488438Z
pkt_975,1765543205488.4385,1765543205510.76,22.321533203125,BTC-USD,L2,2025-12-12T12:40:05.488438Z
pkt_976,1765543205488.4385,1765543205544.8582,56.419677734375,BTC-USD,L1,2025-12-12T12:40:05.488438Z
pkt_977,1765543205488.4385,1765543205522.1404,33.701904296875,BTC-USD,L2,2025-12-12T12:40:05.488438Z
pkt_978,1765543205488.4385,1765543205534.5427,46.104248046875,BTC-USD,L1,2025-12-12T12:40:05.488438Z
pkt_979,1765543205488.4385,1765543205519.8188,31.38037109375,BTC-USD,L2,2025-12-12T12:40:05.488438Z
pkt_980,1765543205488.4385,1765543205501.0217,12.583251953125,BTC-USD,L1,2025-12-12T12:40:05.488438Z
pkt_981,1765543205488.4385,1765543205518.0044,29.56591796875,BTC-USD,L2,2025-12-12T12:40:05.488438Z
pkt_982,1765543205488.4385,1765543205514.7366,26.298095703125,BTC-USD,L1,2025-12-12T12:40:05.488438Z
pkt_983,1765543205488.4385,1765543205500.9688,12.5302734375,BTC-USD,L2,2025-12-12T12:40:05.488438Z
pkt_984,1765543205488.4385,1765543205534.3955,45.95703125,BTC-USD,L1,2025-12-12T12:40:05.488438Z
pkt_985,1765543205488.4385,1765543205505.0505,16.612060546875,BTC-USD,L2,2025-12-12T12:40:05.488438Z
pkt_986,1765543205488.4385,1765543205513.6326,25.194091796875,BTC-USD,L1,2025-12-12T12:40:05.488438Z
pkt_987,1765543205488.4385,1765543205504.5452,16.106689453125,BTC-USD,L2,2025-12-12T12:40:05.488438Z
pkt_988,1765543205488.4385,1765543205514.9814,26.54296875,BTC-USD,L1,2025-12-12T12:40:05.488438Z
pkt_989,1765543205488.4385,1765543205494.6821,6.24365234375,BTC-USD,L2,2025-12-12T12:40:05.488438Z
pkt_990,1765543205488.4385,1765543205505.686,17.24755859375,BTC-USD,L1,2025-12-12T12:40:05.488438Z
pkt_991,1765543205488.4385,1765543205512.2275,23.7890625,BTC-USD,L2,2025-12-12T12:40:05.488438Z
pkt_992,1765543205488.4385,1765543205556.609,68.17041015625,BTC-USD,L1,2025-12-12T12:40:05.488438Z
pkt_993,1765543205488.4385,1765543205520.4924,32.053955078125,BTC-USD,L2,2025-12-12T12:40:05.488438Z
pkt_994,1765543205488.4385,1765543205554.1682,65.729736328125,BTC-USD,L1,2025-12-12T12:40:05.488438Z
pkt_995,1765543205488.4385,1765543205494.5403,6.101806640625,BTC-USD,L2,2025-12-12T12:40:05.488438Z
pkt_996,1765543205488.4385,1765543205550.1802,61.74169921875,BTC-USD,L1,2025-12-12T12:40:05.488438Z
pkt_997,1765543205488.4385,1765543205526.4724,38.033935546875,BTC-USD,L2,2025-12-12T12:40:05.488438Z
pkt_998,1765543205488.4385,1765543205522.5276,34.089111328125,BTC-USD,L1,2025-12-12T12:40:05.488438Z
pkt_999,1765543205488.4385,1765543205500.709,12.2705078125,BTC-USD,L2,2025-12-12T12:40:05.488438Z
